PLAYER_NAME,PLAYER_ID,TEAM_NAME,LOCATION,MIN,FGM,FGA,FG_PCT,FG3M,FG3A,FG3_PCT,FTM,FTA,FT_PCT,OREB,DREB,REB,AST,TOV,STL,BLK,BLKA,PF,PFD,PTS,PLUS_MINUS,Efficiency
AJ Green,1631260,Milwaukee Bucks,AWAY,13.76,1.33,2.67,0.48,0.67,2.0,0.11,0.67,0.67,0.33,0.0,2.0,2.0,0.33,0.0,0.0,0.0,0.0,2.0,1.0,4.0,-2.0,5.0
AJ Green,1631260,Milwaukee Bucks,HOME,8.71,0.67,2.67,0.17,0.0,1.67,0.0,0.33,0.33,0.33,0.0,1.0,1.0,0.33,0.33,0.0,0.0,0.0,1.0,0.33,1.67,1.33,0.67
AJ Lawson,1630639,Dallas Mavericks,AWAY,3.14,0.33,1.0,0.17,0.17,0.67,0.08,0.17,0.33,0.08,0.0,0.33,0.33,0.0,0.0,0.0,0.0,0.0,0.17,0.17,1.0,-1.67,0.5
AJ Lawson,1630639,Dallas Mavericks,HOME,2.78,0.5,0.75,0.38,0.25,0.5,0.12,0.0,0.0,0.0,0.25,0.0,0.25,0.0,0.0,0.0,0.25,0.0,0.0,0.0,1.25,-0.5,1.5
Aaron Gordon,203932,Denver Nuggets,AWAY,37.9,6.14,9.86,0.59,0.71,1.57,0.29,2.14,2.57,0.6,3.29,5.29,8.57,4.57,1.86,0.86,1.0,0.71,2.57,3.43,15.14,-5.86,24.14
Aaron Gordon,203932,Denver Nuggets,HOME,35.9,5.2,9.8,0.53,1.2,3.2,0.27,1.6,2.0,0.6,2.6,2.8,5.4,4.2,1.0,0.8,0.0,0.0,2.0,1.4,13.2,-1.0,17.6
Aaron Nesmith,1630174,Indiana Pacers,AWAY,32.85,3.62,9.0,0.41,1.25,5.12,0.26,1.5,1.62,0.6,0.88,4.62,5.5,2.0,1.38,0.62,0.75,0.25,3.62,2.5,10.0,2.0,12.0
Aaron Nesmith,1630174,Indiana Pacers,HOME,32.96,3.56,7.67,0.48,1.33,4.22,0.32,2.44,2.67,0.65,1.33,3.11,4.44,2.33,1.33,0.67,0.33,0.33,4.11,2.89,10.89,-0.22,13.0
Aaron Wiggins,1630598,Oklahoma City Thunder,AWAY,14.05,2.0,5.25,0.42,0.25,2.0,0.05,0.5,0.5,0.25,1.75,0.75,2.5,1.0,1.5,1.0,0.25,0.25,0.5,0.5,4.75,-2.0,4.75
Aaron Wiggins,1630598,Oklahoma City Thunder,HOME,16.78,2.5,4.33,0.61,0.83,2.0,0.35,1.33,1.5,0.62,0.33,3.33,3.67,1.0,0.5,0.33,0.33,0.0,1.0,1.0,7.17,5.0,10.0
Al Horford,201143,Boston Celtics,AWAY,32.87,4.57,9.0,0.51,2.86,6.43,0.41,0.14,0.29,0.07,2.29,5.57,7.86,2.0,1.14,1.0,1.43,0.0,1.57,0.43,12.14,11.71,18.71
Al Horford,201143,Boston Celtics,HOME,28.74,2.83,6.25,0.53,1.25,4.17,0.39,0.5,0.75,0.22,1.58,4.92,6.5,2.17,0.33,0.67,0.5,0.0,1.42,0.92,7.42,4.83,13.25
Alec Burks,202692,New York Knicks,AWAY,19.04,4.0,8.25,0.35,2.0,4.5,0.31,3.75,4.25,0.59,0.5,2.25,2.75,0.75,0.0,0.0,0.0,0.75,0.5,3.0,13.75,-1.5,12.5
Alec Burks,202692,New York Knicks,HOME,22.2,4.5,8.5,0.56,2.0,5.0,0.42,6.0,7.5,0.8,1.0,3.5,4.5,1.5,0.0,0.5,0.5,0.5,2.0,4.5,17.0,-7.5,18.5
Amir Coffey,1629599,LA Clippers,AWAY,22.39,1.0,4.33,0.19,0.33,2.33,0.08,0.0,0.0,0.0,0.33,1.33,1.67,0.33,1.0,0.67,0.33,0.0,0.33,0.33,2.33,-9.0,1.0
Amir Coffey,1629599,LA Clippers,HOME,15.02,1.33,3.0,0.76,0.67,1.33,0.17,0.0,0.0,0.0,0.33,1.33,1.67,0.33,0.67,0.0,0.0,0.67,1.67,0.0,3.33,-3.33,3.0
Andre Jackson Jr.,1641748,Milwaukee Bucks,AWAY,15.94,1.33,2.33,0.67,0.67,1.33,0.17,0.0,0.0,0.0,1.33,2.0,3.33,2.33,0.67,1.33,0.33,0.33,3.33,0.0,3.33,4.33,9.0
Andre Jackson Jr.,1641748,Milwaukee Bucks,HOME,5.94,0.5,2.0,0.25,0.0,1.0,0.0,0.0,0.0,0.0,0.5,0.0,0.5,1.5,0.5,0.5,0.0,0.0,0.0,0.0,1.0,-1.0,1.5
Andrew Nembhard,1629614,Indiana Pacers,AWAY,30.65,5.38,10.25,0.52,1.25,3.25,0.36,1.0,1.38,0.42,0.88,2.12,3.0,5.5,1.5,0.38,0.12,0.5,3.25,1.62,13.0,2.88,15.25
Andrew Nembhard,1629614,Indiana Pacers,HOME,34.34,6.56,11.11,0.6,2.11,3.78,0.54,1.33,1.67,0.53,0.78,2.78,3.56,5.56,1.22,0.33,0.33,0.67,3.33,1.78,16.56,-0.56,20.22
Anthony Black,1641710,Orlando Magic,AWAY,6.6,2.0,5.0,0.4,0.0,2.0,0.0,0.0,0.0,0.0,1.0,1.0,2.0,2.0,0.0,1.0,0.0,1.0,0.0,0.0,4.0,-2.0,6.0
Anthony Black,1641710,Orlando Magic,HOME,4.17,1.0,2.0,0.5,0.0,0.0,0.0,0.0,0.0,0.0,0.0,0.0,0.0,0.0,1.0,0.0,0.0,0.0,1.0,0.0,2.0,-6.0,0.0
Anthony Davis,203076,Los Angeles Lakers,AWAY,41.71,12.33,19.67,0.64,0.0,1.67,0.0,5.0,5.67,0.88,2.33,13.67,16.0,4.33,2.33,0.33,2.0,1.0,4.0,6.0,29.67,-0.33,42.0
Anthony Davis,203076,Los Angeles Lakers,HOME,41.39,11.0,17.0,0.67,0.0,0.0,0.0,3.0,4.5,0.61,4.0,11.0,15.0,3.5,2.0,0.5,1.0,0.5,3.5,3.0,25.0,-4.0,35.5
Anthony Edwards,1630162,Minnesota Timberwolves,AWAY,39.55,9.0,18.0,0.5,2.25,6.5,0.26,2.5,3.75,0.56,1.25,5.75,7.0,7.25,4.25,1.5,0.25,1.25,2.0,3.0,22.75,-6.0,24.25
Anthony Edwards,1630162,Minnesota Timberwolves,HOME,40.87,10.0,21.0,0.46,3.08,7.42,0.4,6.08,7.25,0.82,1.08,5.92,7.0,6.25,2.92,1.5,0.67,0.58,2.42,4.5,29.17,7.92,29.5
Austin Reaves,1630559,Los Angeles Lakers,AWAY,33.15,5.33,11.67,0.46,1.33,5.67,0.23,2.33,2.33,0.67,0.67,3.0,3.67,3.67,1.0,0.0,0.33,0.67,1.67,2.0,14.33,-2.0,14.67
Austin Reaves,1630559,Los Angeles Lakers,HOME,37.33,7.0,14.0,0.51,1.5,4.5,0.32,5.0,6.0,0.88,1.5,2.5,4.0,3.5,0.5,3.5,1.0,0.5,1.5,3.5,20.5,-1.5,24.0
Bam Adebayo,1628389,Miami Heat,AWAY,37.73,9.25,18.75,0.52,0.25,1.75,0.08,3.25,4.5,0.79,1.75,5.75,7.5,3.5,1.25,0.5,0.0,0.75,2.5,3.25,22.0,-6.75,21.5
Bam Adebayo,1628389,Miami Heat,HOME,41.58,11.0,22.0,0.5,1.0,3.0,0.33,2.0,3.0,0.67,4.0,13.0,17.0,5.0,3.0,0.0,0.0,0.0,5.0,8.0,25.0,-9.0,32.0
Ben Sheppard,1641767,Indiana Pacers,AWAY,19.07,1.75,4.75,0.37,0.88,3.38,0.24,0.38,0.5,0.31,0.88,2.88,3.75,0.62,0.75,0.5,0.0,0.25,1.88,0.5,4.75,0.5,5.75
Ben Sheppard,1641767,Indiana Pacers,HOME,20.22,1.89,3.67,0.53,1.33,2.56,0.47,0.44,0.56,0.28,0.33,2.0,2.33,1.33,0.56,0.44,0.11,0.44,1.89,0.56,5.56,2.78,7.33
Bobby Portis,1626171,Milwaukee Bucks,AWAY,28.88,5.67,12.0,0.48,0.67,1.67,0.44,1.67,3.0,0.48,3.67,8.33,12.0,0.67,1.67,0.33,0.33,0.33,1.67,2.67,13.67,-4.0,17.67
Bobby Portis,1626171,Milwaukee Bucks,HOME,33.4,9.0,18.33,0.48,0.33,2.33,0.11,1.0,1.33,0.56,1.67,9.0,10.67,1.33,1.33,0.67,0.0,1.33,2.67,2.33,19.33,16.0,21.0
Bojan Bogdanovic,202711,New York Knicks,AWAY,11.5,2.0,7.0,0.29,2.0,6.0,0.33,0.0,0.0,0.0,0.0,2.0,2.0,2.0,0.0,0.0,0.0,0.0,1.0,0.0,6.0,2.0,5.0
Bojan Bogdanovic,202711,New York Knicks,HOME,13.09,1.67,5.67,0.18,1.33,3.0,0.28,1.33,2.33,0.39,0.33,3.0,3.33,0.67,0.33,0.0,0.33,1.0,0.67,1.67,6.0,10.0,5.0
Bol Bol,1629626,Phoenix Suns,AWAY,4.35,0.33,1.0,0.17,0.0,0.0,0.0,0.0,0.0,0.0,0.0,1.33,1.33,0.0,0.0,0.33,0.0,0.0,0.67,0.0,0.67,0.33,1.67
Bones Hyland,1630538,LA Clippers,AWAY,5.33,1.5,3.0,0.3,0.5,2.0,0.17,2.0,2.0,0.5,0.0,1.0,1.0,2.0,0.5,0.0,0.0,0.0,0.0,1.0,5.5,0.5,6.5
Bones Hyland,1630538,LA Clippers,HOME,1.23,0.0,1.0,0.0,0.0,1.0,0.0,0.0,0.0,0.0,0.0,0.0,0.0,0.0,0.0,0.0,0.0,0.0,0.0,0.0,0.0,1.0,-1.0
Bradley Beal,203078,Phoenix Suns,AWAY,38.54,6.5,14.75,0.45,2.5,5.75,0.39,1.0,1.25,0.42,1.5,1.25,2.75,4.5,3.25,0.75,0.25,0.25,3.75,1.5,16.5,-12.75,13.0
Brandon Boston Jr.,1630527,LA Clippers,AWAY,4.22,1.0,2.0,0.5,0.0,0.0,0.0,0.5,1.0,0.25,0.5,0.5,1.0,0.5,0.0,0.0,0.0,0.0,1.0,0.5,2.5,2.0,2.5
Brandon Boston Jr.,1630527,LA Clippers,HOME,1.23,0.0,0.0,0.0,0.0,0.0,0.0,0.0,0.0,0.0,0.0,0.0,0.0,0.0,0.0,0.0,0.0,0.0,0.0,0.0,0.0,1.0,0.0
Brandon Ingram,1627742,New Orleans Pelicans,AWAY,34.98,5.0,13.5,0.4,0.0,1.0,0.0,5.0,5.0,1.0,0.5,4.5,5.0,3.0,2.5,0.5,1.0,0.5,2.5,5.0,15.0,-14.5,13.5
Brandon Ingram,1627742,New Orleans Pelicans,HOME,37.75,4.5,14.0,0.32,1.0,3.0,0.33,3.5,4.5,0.83,0.0,4.0,4.0,3.5,2.0,1.5,1.5,3.0,1.5,3.5,13.5,-7.5,11.5
Brook Lopez,201572,Milwaukee Bucks,AWAY,36.18,8.67,14.0,0.61,1.0,3.0,0.2,2.0,4.33,0.22,2.33,3.67,6.0,1.67,2.0,0.0,0.33,1.0,1.67,3.67,20.33,-9.33,18.67
Brook Lopez,201572,Milwaukee Bucks,HOME,30.52,6.0,11.0,0.54,2.33,4.67,0.37,0.67,0.67,0.33,1.33,1.33,2.67,2.0,1.0,0.0,2.33,0.0,1.67,0.33,15.0,-2.33,16.0
Buddy Hield,1627741,Philadelphia 76ers,AWAY,7.46,0.0,2.0,0.0,0.0,1.0,0.0,0.0,0.0,0.0,0.0,0.0,0.0,0.5,0.0,0.0,0.5,0.0,0.5,0.0,0.0,-7.0,-1.0
Buddy Hield,1627741,Philadelphia 76ers,HOME,18.01,3.5,6.5,0.47,3.0,5.5,0.33,1.0,1.0,0.5,1.0,1.5,2.5,0.5,1.0,0.0,0.0,0.0,1.5,0.5,11.0,4.5,10.0
CJ McCollum,203468,New Orleans Pelicans,AWAY,37.83,7.5,18.0,0.42,1.5,7.0,0.21,1.0,1.0,0.5,0.5,3.5,4.0,5.0,3.5,2.0,0.5,0.5,4.0,1.0,17.5,-13.0,15.0
CJ McCollum,203468,New Orleans Pelicans,HOME,35.99,8.0,19.0,0.44,2.0,7.5,0.27,0.0,0.0,0.0,0.5,5.0,5.5,4.5,4.5,1.5,1.0,0.5,3.0,0.0,18.0,-13.5,15.0
Caleb Houstan,1631216,Orlando Magic,AWAY,4.92,0.5,0.5,0.5,0.5,0.5,0.5,0.0,0.0,0.0,0.5,0.5,1.0,0.0,0.0,0.0,0.0,0.0,0.0,0.0,1.5,-3.5,2.5
Caleb Houstan,1631216,Orlando Magic,HOME,4.17,0.0,1.0,0.0,0.0,1.0,0.0,0.0,0.0,0.0,0.0,0.0,0.0,0.0,0.0,0.0,0.0,0.0,0.0,0.0,0.0,-6.0,-1.0
Caleb Martin,1628997,Miami Heat,AWAY,34.67,3.75,7.75,0.46,1.75,4.25,0.38,0.75,0.75,0.5,1.0,2.25,3.25,1.25,0.5,0.25,0.0,0.75,2.75,1.25,10.0,-11.0,10.25
Caleb Martin,1628997,Miami Heat,HOME,37.0,6.0,14.0,0.43,4.0,8.0,0.5,2.0,2.0,1.0,1.0,4.0,5.0,2.0,1.0,2.0,0.0,0.0,3.0,2.0,18.0,-15.0,18.0
Cameron Payne,1626166,Philadelphia 76ers,AWAY,10.67,2.0,4.0,0.36,1.33,2.33,0.36,0.0,0.0,0.0,0.0,0.67,0.67,1.0,1.0,0.0,1.33,0.67,2.0,0.33,5.33,1.33,5.33
Cameron Payne,1626166,Philadelphia 76ers,HOME,14.56,2.0,6.5,0.32,2.0,5.5,0.37,0.0,0.0,0.0,0.0,2.0,2.0,2.0,0.0,0.5,0.0,0.0,2.0,0.0,6.0,-5.0,6.0
Caris LeVert,1627747,Cleveland Cavaliers,AWAY,24.65,3.67,9.0,0.37,0.33,2.33,0.14,1.17,2.0,0.46,1.17,3.0,4.17,2.17,1.0,0.5,0.33,0.67,1.5,1.5,8.83,-0.5,8.83
Caris LeVert,1627747,Cleveland Cavaliers,HOME,26.07,4.4,9.6,0.37,0.8,3.8,0.16,2.0,2.8,0.4,0.2,2.8,3.0,2.4,1.6,1.2,0.8,0.0,1.0,2.2,11.6,-6.6,11.4
Cason Wallace,1641717,Oklahoma City Thunder,AWAY,19.38,1.25,3.75,0.41,1.0,2.75,0.42,0.0,0.0,0.0,0.25,0.25,0.5,0.25,0.5,1.25,0.25,0.0,1.0,0.0,3.5,2.0,2.75
Cason Wallace,1641717,Oklahoma City Thunder,HOME,20.07,1.83,4.33,0.46,0.83,2.83,0.25,0.17,0.33,0.08,1.0,0.83,1.83,1.5,0.33,0.67,0.17,0.17,1.67,0.67,4.67,4.0,5.83
Chet Holmgren,1631096,Oklahoma City Thunder,AWAY,36.61,4.5,10.0,0.45,1.0,4.5,0.27,2.75,3.5,0.77,1.0,6.5,7.5,1.75,1.5,0.25,2.25,1.0,2.0,3.75,12.75,2.75,16.75
Chet Holmgren,1631096,Oklahoma City Thunder,HOME,33.04,6.83,13.17,0.52,1.5,5.33,0.26,2.33,3.17,0.77,1.67,5.33,7.0,2.33,2.17,1.0,2.67,0.67,3.0,3.17,17.5,10.67,21.17
Chris Livingston,1641753,Milwaukee Bucks,AWAY,2.5,1.0,1.0,1.0,0.0,0.0,0.0,0.0,3.0,0.0,0.0,0.0,0.0,0.0,0.0,0.0,0.0,0.0,0.0,2.0,2.0,-2.0,-1.0
Chris Livingston,1641753,Milwaukee Bucks,HOME,3.73,0.0,0.0,0.0,0.0,0.0,0.0,0.0,0.0,0.0,0.0,0.0,0.0,0.0,0.0,0.0,0.0,0.0,0.0,0.0,0.0,2.0,0.0
Christian Braun,1631128,Denver Nuggets,AWAY,19.15,2.0,4.71,0.39,0.43,1.43,0.36,1.57,2.0,0.58,0.43,2.14,2.57,1.14,0.14,0.14,0.43,0.71,1.71,1.14,6.0,1.57,7.0
Christian Braun,1631128,Denver Nuggets,HOME,14.03,1.8,4.2,0.36,0.2,1.6,0.1,0.0,0.4,0.0,1.2,1.6,2.8,0.2,0.0,0.2,0.4,0.6,1.2,0.4,3.8,-0.6,4.6
Chuma Okeke,1629643,Orlando Magic,AWAY,5.58,1.0,2.0,0.5,0.0,1.0,0.0,1.0,1.0,1.0,0.0,0.0,0.0,1.0,0.0,0.0,0.0,0.0,0.0,1.0,3.0,-2.0,3.0
Chuma Okeke,1629643,Orlando Magic,HOME,4.17,1.0,1.0,1.0,1.0,1.0,1.0,0.0,0.0,0.0,0.0,0.0,0.0,0.0,0.0,0.0,0.0,0.0,0.0,0.0,3.0,-6.0,3.0
Cole Anthony,1630175,Orlando Magic,AWAY,16.28,2.75,6.5,0.39,0.5,1.75,0.17,0.75,0.75,0.5,0.5,2.25,2.75,1.25,0.75,0.5,0.25,0.5,3.0,1.0,6.75,4.25,7.0
Cole Anthony,1630175,Orlando Magic,HOME,12.6,0.67,5.0,0.17,0.0,2.0,0.0,1.67,2.0,0.5,0.0,1.33,1.33,1.33,0.67,0.67,0.0,0.33,1.33,1.0,3.0,-1.33,1.0
D'Angelo Russell,1626156,Los Angeles Lakers,AWAY,40.32,7.33,17.0,0.44,4.0,9.33,0.42,0.33,0.67,0.17,0.33,3.0,3.33,4.33,2.0,1.0,0.0,0.33,2.0,1.67,19.0,7.0,15.67
D'Angelo Russell,1626156,Los Angeles Lakers,HOME,31.85,3.0,11.0,0.2,1.0,8.0,0.1,0.0,0.0,0.0,0.0,2.0,2.0,4.0,1.5,0.5,0.5,0.0,0.0,0.0,7.0,0.5,4.5
DaQuan Jeffries,1629610,New York Knicks,AWAY,2.44,0.33,0.33,0.33,0.33,0.33,0.33,0.0,0.0,0.0,0.0,0.33,0.33,0.0,0.0,0.0,0.0,0.0,0.33,0.0,1.0,3.0,1.33
DaQuan Jeffries,1629610,New York Knicks,HOME,12.74,2.0,7.0,0.29,1.0,4.0,0.25,0.0,0.0,0.0,1.0,2.0,3.0,0.0,0.0,1.0,0.0,0.0,1.0,0.0,5.0,4.0,4.0
Damian Jones,1627745,Cleveland Cavaliers,AWAY,2.17,0.0,0.0,0.0,0.0,0.0,0.0,0.0,0.0,0.0,0.0,0.0,0.0,0.0,0.0,0.0,0.0,0.0,0.0,0.0,0.0,-3.0,0.0
Damian Jones,1627745,Cleveland Cavaliers,HOME,6.98,0.0,0.0,0.0,0.0,0.0,0.0,0.0,0.0,0.0,1.0,1.0,2.0,2.0,2.0,0.0,1.0,0.0,0.0,0.0,0.0,0.0,3.0
Damian Lillard,203081,Milwaukee Bucks,AWAY,39.65,6.5,18.0,0.37,4.0,12.0,0.33,11.0,11.0,1.0,0.0,1.5,1.5,6.0,2.5,1.5,0.0,0.5,1.5,6.5,28.0,-2.5,23.0
Damian Lillard,203081,Milwaukee Bucks,HOME,38.46,10.5,22.5,0.47,6.0,12.0,0.5,7.5,8.0,0.94,1.0,4.0,5.0,4.0,2.0,0.5,0.0,1.0,2.5,6.0,34.5,-15.0,29.5
Daniel Gafford,1629655,Dallas Mavericks,AWAY,20.26,3.92,6.25,0.61,0.0,0.0,0.0,2.33,3.83,0.44,2.0,4.0,6.0,0.75,0.92,0.17,1.67,0.58,2.0,2.67,10.17,-0.67,14.0
Daniel Gafford,1629655,Dallas Mavericks,HOME,20.22,3.1,4.8,0.68,0.0,0.0,0.0,1.3,1.9,0.44,1.8,3.2,5.0,0.6,0.8,0.4,1.3,0.3,1.4,2.0,7.5,-3.8,11.7
Daniel Theis,1628464,LA Clippers,AWAY,4.4,1.0,1.0,1.0,1.0,1.0,1.0,0.0,0.0,0.0,0.0,1.0,1.0,0.0,0.0,0.0,0.0,0.0,0.0,0.0,3.0,2.0,4.0
Danilo Gallinari,201568,Milwaukee Bucks,AWAY,8.41,1.5,2.5,0.3,0.0,0.0,0.0,0.5,1.0,0.25,0.0,1.5,1.5,1.0,0.0,0.0,0.0,0.0,0.0,1.0,3.5,-10.5,4.5
Danilo Gallinari,201568,Milwaukee Bucks,HOME,20.5,1.0,3.0,0.33,0.0,2.0,0.0,2.0,2.0,1.0,1.0,5.0,6.0,0.0,1.0,0.0,0.0,0.0,0.0,4.0,4.0,15.0,7.0
Dante Exum,203957,Dallas Mavericks,AWAY,8.46,0.91,2.55,0.27,0.45,1.27,0.23,0.27,0.36,0.14,0.18,1.0,1.18,0.36,0.36,0.18,0.09,0.18,0.55,0.36,2.55,0.18,2.27
Dante Exum,203957,Dallas Mavericks,HOME,5.06,0.6,1.6,0.3,0.2,0.6,0.2,0.1,0.2,0.05,0.1,0.3,0.4,0.8,0.1,0.1,0.0,0.1,0.3,0.2,1.5,-1.6,1.6
Darius Garland,1629636,Cleveland Cavaliers,AWAY,35.17,6.17,12.67,0.5,2.33,5.83,0.43,1.0,1.33,0.39,0.17,3.83,4.0,5.67,2.17,0.5,0.33,0.33,2.5,2.5,15.67,-4.33,17.17
Darius Garland,1629636,Cleveland Cavaliers,HOME,36.78,6.0,15.83,0.36,1.83,6.0,0.27,1.83,2.17,0.56,0.0,3.17,3.17,5.83,2.33,1.67,0.0,1.0,3.0,3.0,15.67,-8.0,13.83
David Roddy,1631223,Phoenix Suns,AWAY,1.38,0.0,0.0,0.0,0.0,0.0,0.0,0.0,0.0,0.0,0.0,0.0,0.0,0.0,0.0,0.0,0.0,0.0,0.0,0.5,0.0,2.5,0.0
De'Anthony Melton,1629001,Philadelphia 76ers,AWAY,7.2,0.0,2.0,0.0,0.0,2.0,0.0,0.0,0.0,0.0,0.0,1.0,1.0,1.0,0.0,0.0,0.0,0.0,1.0,0.0,0.0,-1.0,0.0
DeAndre Jordan,201599,Denver Nuggets,AWAY,4.43,0.0,1.0,0.0,0.0,0.0,0.0,0.0,0.0,0.0,1.0,0.0,1.0,0.0,0.0,0.0,0.0,1.0,1.0,0.0,0.0,-17.0,0.0
DeAndre Jordan,201599,Denver Nuggets,HOME,8.62,1.0,1.0,1.0,0.0,0.0,0.0,2.0,2.0,1.0,0.0,2.0,2.0,0.0,0.0,1.0,1.0,0.0,3.0,2.0,4.0,-3.0,8.0
Dean Wade,1629731,Cleveland Cavaliers,AWAY,16.8,2.0,6.0,0.33,1.0,4.0,0.25,0.0,0.0,0.0,1.0,2.0,3.0,3.0,0.0,0.0,1.0,0.0,2.0,2.0,5.0,12.0,8.0
Dean Wade,1629731,Cleveland Cavaliers,HOME,23.1,1.0,3.5,0.29,1.0,3.0,0.38,0.0,0.0,0.0,0.0,1.5,1.5,1.0,1.0,0.5,0.5,0.0,1.0,0.5,3.0,-12.5,3.0
Delon Wright,1626153,Miami Heat,AWAY,26.01,3.67,6.0,0.56,2.0,3.33,0.44,0.67,0.67,0.33,0.33,2.33,2.67,2.0,0.0,1.33,0.0,0.67,1.33,1.33,10.0,-8.33,13.67
Delon Wright,1626153,Miami Heat,HOME,29.27,1.0,2.0,0.5,0.0,0.0,0.0,0.0,0.0,0.0,1.0,3.0,4.0,1.0,0.0,0.0,1.0,0.0,1.0,2.0,2.0,4.0,7.0
Dereck Lively II,1641726,Dallas Mavericks,AWAY,22.45,2.64,4.64,0.59,0.09,0.09,0.09,2.27,3.91,0.44,3.09,5.0,8.09,1.36,0.91,0.36,0.73,0.55,2.27,3.09,7.64,3.27,13.64
Dereck Lively II,1641726,Dallas Mavericks,HOME,21.48,3.5,4.4,0.83,0.0,0.0,0.0,1.1,1.8,0.47,2.3,4.4,6.7,1.2,1.1,0.5,1.2,0.6,2.3,1.7,8.1,6.2,15.0
Derrick Jones Jr.,1627884,Dallas Mavericks,AWAY,30.5,2.83,6.92,0.41,0.83,2.75,0.24,1.08,1.33,0.5,1.67,2.0,3.67,1.5,1.08,0.58,0.83,0.75,3.08,1.17,7.58,0.58,8.75
Derrick Jones Jr.,1627884,Dallas Mavericks,HOME,28.07,4.3,7.7,0.57,1.4,3.2,0.4,0.9,1.4,0.4,1.3,1.9,3.2,0.9,0.5,0.4,1.1,0.6,1.7,1.6,10.9,3.6,12.1
Derrick White,1628401,Boston Celtics,AWAY,36.83,5.57,13.0,0.38,3.71,8.71,0.4,2.14,2.29,0.69,1.29,3.86,5.14,4.14,0.86,0.57,1.71,0.0,2.86,2.71,17.0,6.14,20.14
Derrick White,1628401,Boston Celtics,HOME,34.85,5.83,12.5,0.46,3.25,8.33,0.38,1.67,1.83,0.63,0.83,2.92,3.75,4.0,0.83,1.17,0.92,0.33,2.0,2.0,16.58,2.0,18.75
Devin Booker,1626164,Phoenix Suns,AWAY,41.47,8.0,16.25,0.48,1.75,5.0,0.36,9.75,10.25,0.96,0.25,3.0,3.25,6.0,2.75,1.75,0.25,1.75,4.5,7.25,27.5,-11.5,27.25
Donovan Mitchell,1628378,Cleveland Cavaliers,AWAY,38.66,9.83,20.67,0.47,3.5,8.17,0.4,5.33,6.0,0.87,0.5,4.17,4.67,4.5,3.0,1.83,0.0,1.0,2.67,5.17,28.5,0.17,25.0
Donovan Mitchell,1628378,Cleveland Cavaliers,HOME,37.49,12.0,25.25,0.45,2.0,8.25,0.24,5.25,7.25,0.5,0.75,5.75,6.5,5.0,2.5,0.5,0.75,1.25,3.25,5.75,31.25,-0.25,26.25
Donte DiVincenzo,1628978,New York Knicks,AWAY,38.59,7.12,15.5,0.45,4.12,9.25,0.4,2.62,3.0,0.68,1.25,3.25,4.5,2.88,1.25,1.5,1.12,1.12,2.75,2.5,21.0,2.62,21.0
Donte DiVincenzo,1628978,New York Knicks,HOME,31.37,4.6,13.4,0.31,2.4,6.4,0.3,1.0,1.2,0.3,0.6,2.6,3.2,2.2,1.2,0.8,0.6,1.2,1.4,2.0,12.6,-16.0,9.2
Doug McDermott,203926,Indiana Pacers,AWAY,9.71,0.6,1.4,0.4,0.4,1.2,0.3,0.0,0.0,0.0,0.2,0.2,0.4,1.0,0.2,0.0,0.4,0.0,0.8,0.0,1.6,-4.8,2.4
Doug McDermott,203926,Indiana Pacers,HOME,3.09,0.4,0.8,0.3,0.2,0.4,0.1,0.0,0.0,0.0,0.2,0.0,0.2,0.4,0.0,0.0,0.0,0.0,0.2,0.0,1.0,1.0,1.2
Drew Eubanks,1629234,Phoenix Suns,AWAY,12.47,2.33,4.0,0.5,0.0,0.0,0.0,1.0,1.0,0.33,0.0,1.33,1.33,0.0,0.67,0.67,0.33,0.33,2.0,1.0,5.67,-4.0,5.67
Duncan Robinson,1629130,Miami Heat,AWAY,14.18,1.25,3.75,0.27,0.75,3.0,0.15,0.0,0.0,0.0,0.0,1.25,1.25,1.25,1.25,0.5,0.0,0.5,1.5,0.5,3.25,-10.0,2.5
Duncan Robinson,1629130,Miami Heat,HOME,2.87,0.0,1.0,0.0,0.0,1.0,0.0,0.0,0.0,0.0,0.0,0.0,0.0,1.0,0.0,0.0,0.0,0.0,0.0,0.0,0.0,-6.0,0.0
Dwight Powell,203939,Dallas Mavericks,AWAY,3.15,0.14,0.14,0.14,0.0,0.0,0.0,0.0,0.29,0.0,0.14,0.71,0.86,0.29,0.43,0.0,0.0,0.0,0.57,0.14,0.29,-0.43,0.71
Dwight Powell,203939,Dallas Mavericks,HOME,3.74,0.0,0.33,0.0,0.0,0.0,0.0,0.67,0.67,0.33,0.33,0.67,1.0,0.17,0.0,0.17,0.0,0.0,0.83,0.33,0.67,0.5,1.67
Dyson Daniels,1630700,New Orleans Pelicans,AWAY,5.22,0.0,1.0,0.0,0.0,0.5,0.0,0.0,0.0,0.0,0.0,0.5,0.5,0.0,0.0,0.0,0.0,0.0,0.0,0.0,0.0,-4.0,-0.5
Dyson Daniels,1630700,New Orleans Pelicans,HOME,6.53,2.0,4.0,0.5,0.0,1.0,0.0,0.0,0.0,0.0,0.0,1.0,1.0,0.0,1.0,2.0,0.0,0.0,0.0,0.0,4.0,-5.0,4.0
E.J. Liddell,1630604,New Orleans Pelicans,HOME,2.53,0.0,0.0,0.0,0.0,0.0,0.0,0.0,0.0,0.0,0.0,1.0,1.0,0.0,0.0,0.0,0.0,0.0,0.0,0.0,0.0,2.0,1.0
Eric Gordon,201569,Phoenix Suns,AWAY,29.38,2.25,7.0,0.28,1.75,4.25,0.42,1.75,2.0,0.46,0.25,1.5,1.75,1.25,1.0,1.25,0.5,0.5,1.25,2.25,8.0,-6.5,6.75
Evan Mobley,1630596,Cleveland Cavaliers,AWAY,34.92,7.17,12.33,0.58,0.5,1.17,0.17,1.67,2.17,0.75,2.5,8.17,10.67,3.0,1.17,1.0,1.67,1.33,2.83,2.0,16.5,-2.17,26.0
Evan Mobley,1630596,Cleveland Cavaliers,HOME,35.43,6.33,12.0,0.48,0.33,1.83,0.21,2.5,3.83,0.66,2.5,5.33,7.83,1.67,2.5,0.67,2.67,0.67,2.83,3.0,15.5,-3.17,18.83
Franz Wagner,1630532,Orlando Magic,AWAY,36.05,4.75,15.0,0.32,1.0,4.75,0.22,6.0,6.25,0.96,1.75,4.0,5.75,4.5,1.75,0.75,1.0,1.75,3.0,4.5,16.5,3.75,16.25
Franz Wagner,1630532,Orlando Magic,HOME,38.39,7.67,14.33,0.5,1.67,5.0,0.39,5.0,6.33,0.74,1.0,7.33,8.33,4.33,0.67,0.67,1.67,0.67,2.67,5.33,22.0,5.0,28.33
Gabe Vincent,1629216,Los Angeles Lakers,AWAY,13.44,0.33,2.0,0.08,0.33,1.33,0.17,0.0,0.0,0.0,0.33,0.67,1.0,0.67,1.0,0.67,0.0,0.0,1.67,0.0,1.0,-1.33,0.67
Gabe Vincent,1629216,Los Angeles Lakers,HOME,14.45,1.0,3.0,0.25,0.0,1.5,0.0,0.0,0.0,0.0,0.0,2.5,2.5,0.5,0.0,0.0,0.0,0.0,1.5,0.0,2.0,-2.5,3.0
Gary Harris,203914,Orlando Magic,AWAY,27.58,2.33,5.67,0.33,2.0,4.33,0.41,0.67,0.67,0.33,1.0,1.67,2.67,1.0,0.0,1.0,0.33,0.67,3.67,0.67,7.33,2.33,9.0
Gary Harris,203914,Orlando Magic,HOME,25.37,0.33,3.67,0.17,0.33,3.0,0.17,0.0,0.0,0.0,0.67,0.67,1.33,0.33,0.67,1.33,0.67,0.0,2.33,0.0,1.0,-1.67,0.67
Georges Niang,1627777,Cleveland Cavaliers,AWAY,14.88,1.0,4.0,0.24,0.0,2.0,0.0,1.75,2.0,0.44,0.25,1.5,1.75,0.75,1.0,0.5,0.0,0.25,2.0,1.5,3.75,-0.75,2.5
Georges Niang,1627777,Cleveland Cavaliers,HOME,10.28,0.83,4.17,0.15,0.5,2.5,0.21,0.0,0.0,0.0,0.33,0.5,0.83,0.17,0.5,0.33,0.33,0.17,1.67,0.17,2.17,-3.5,0.0
Goga Bitadze,1629048,Orlando Magic,AWAY,5.58,0.0,2.0,0.0,0.0,0.0,0.0,0.0,0.0,0.0,1.0,2.0,3.0,1.0,1.0,0.0,0.0,0.0,0.0,0.0,0.0,-2.0,1.0
Goga Bitadze,1629048,Orlando Magic,HOME,4.17,0.0,0.0,0.0,0.0,0.0,0.0,0.0,0.0,0.0,0.0,0.0,0.0,1.0,0.0,0.0,0.0,0.0,0.0,0.0,0.0,-6.0,1.0
Gordon Hayward,202330,Oklahoma City Thunder,AWAY,5.97,0.0,0.0,0.0,0.0,0.0,0.0,0.0,0.0,0.0,0.0,2.5,2.5,0.5,0.0,0.0,0.0,0.0,0.0,0.0,0.0,4.5,3.0
Gordon Hayward,202330,Oklahoma City Thunder,HOME,6.79,0.0,0.6,0.0,0.0,0.0,0.0,0.0,0.0,0.0,0.2,1.4,1.6,0.4,0.0,0.2,0.2,0.0,0.4,0.0,0.0,1.4,1.8
Grayson Allen,1628960,Phoenix Suns,AWAY,21.32,0.5,2.5,0.25,0.5,2.5,0.25,2.0,2.0,0.5,1.0,3.0,4.0,1.0,1.5,0.5,0.0,0.0,2.0,1.5,3.5,-1.5,5.5
Haywood Highsmith,1629312,Miami Heat,AWAY,26.69,2.25,5.5,0.37,0.75,3.25,0.15,0.0,0.0,0.0,0.5,2.5,3.0,2.0,0.75,0.25,0.0,0.25,2.25,0.0,5.25,-11.0,6.5
Haywood Highsmith,1629312,Miami Heat,HOME,18.8,1.0,6.0,0.17,0.0,3.0,0.0,1.0,1.0,1.0,0.0,2.0,2.0,0.0,1.0,0.0,1.0,0.0,5.0,1.0,3.0,-17.0,0.0
Herbert Jones,1630529,New Orleans Pelicans,AWAY,34.58,4.0,9.5,0.43,3.0,7.5,0.41,2.0,2.0,1.0,1.0,3.5,4.5,2.5,2.5,0.5,0.0,0.5,3.0,2.0,13.0,-9.5,12.5
Herbert Jones,1630529,New Orleans Pelicans,HOME,35.72,4.0,11.0,0.36,1.0,4.5,0.25,4.0,4.0,1.0,2.0,3.5,5.5,2.5,3.0,2.0,0.5,0.5,4.5,3.0,13.0,-14.0,13.5
Hunter Tyson,1641816,Denver Nuggets,AWAY,7.08,0.0,2.0,0.0,0.0,1.0,0.0,0.0,0.0,0.0,0.0,2.0,2.0,0.0,1.0,0.0,0.0,0.0,0.0,0.0,0.0,-4.0,-1.0
Hunter Tyson,1641816,Denver Nuggets,HOME,3.28,0.0,1.0,0.0,0.0,1.0,0.0,0.5,1.0,0.25,0.5,0.0,0.5,0.5,0.0,0.0,0.0,0.0,0.0,0.5,0.5,-1.5,0.0
Isaac Okoro,1630171,Cleveland Cavaliers,AWAY,21.7,2.17,6.0,0.34,1.0,3.17,0.28,0.83,1.0,0.42,0.17,1.5,1.67,0.83,1.17,0.67,0.17,1.0,2.5,0.83,6.17,-6.83,4.33
Isaac Okoro,1630171,Cleveland Cavaliers,HOME,22.06,2.0,5.67,0.34,0.5,2.67,0.23,0.33,0.5,0.17,0.67,1.17,1.83,1.33,0.67,1.17,0.5,0.5,2.5,1.5,4.83,1.67,5.17
Isaiah Hartenstein,1628392,New York Knicks,AWAY,31.95,3.5,5.88,0.52,0.12,0.12,0.12,1.88,2.0,0.59,4.38,4.88,9.25,4.38,1.62,0.38,1.12,0.38,3.12,1.75,9.0,0.0,20.0
Isaiah Hartenstein,1628392,New York Knicks,HOME,26.39,3.4,5.8,0.58,0.0,0.2,0.0,0.8,1.2,0.2,2.8,2.8,5.6,2.2,1.2,0.2,0.6,0.4,3.2,0.8,7.6,-14.2,12.2
Isaiah Jackson,1630543,Indiana Pacers,AWAY,10.8,1.43,2.86,0.36,0.0,0.0,0.0,0.71,0.86,0.36,1.57,1.57,3.14,0.14,0.29,0.29,0.57,0.14,1.29,1.0,3.57,-4.14,5.86
Isaiah Jackson,1630543,Indiana Pacers,HOME,9.76,1.62,2.88,0.55,0.0,0.0,0.0,0.75,1.5,0.2,1.25,2.0,3.25,0.75,0.25,0.12,1.12,0.38,1.88,2.25,4.0,2.25,7.0
Isaiah Joe,1630198,Oklahoma City Thunder,AWAY,14.82,1.25,5.5,0.21,1.0,5.0,0.16,0.0,0.0,0.0,0.5,1.75,2.25,0.25,0.5,0.25,0.0,0.25,1.25,0.5,3.5,1.0,1.5
Isaiah Joe,1630198,Oklahoma City Thunder,HOME,19.01,3.17,5.33,0.59,2.0,3.17,0.64,0.0,0.0,0.0,0.33,1.83,2.17,1.5,0.5,0.67,0.0,0.17,0.83,1.0,8.33,1.5,10.0
Isaiah Thomas,202738,Phoenix Suns,AWAY,3.62,0.0,2.0,0.0,0.0,1.0,0.0,0.0,0.0,0.0,0.0,0.0,0.0,0.0,1.0,0.0,0.0,0.0,0.0,0.0,0.0,-5.0,-3.0
Ivica Zubac,1627826,LA Clippers,AWAY,29.4,7.0,10.0,0.72,0.0,0.0,0.0,1.67,2.0,0.83,1.67,4.33,6.0,1.33,1.33,1.0,0.67,1.0,4.0,2.67,15.67,-8.0,20.0
Ivica Zubac,1627826,LA Clippers,HOME,34.52,7.0,13.33,0.52,0.0,0.0,0.0,2.67,4.67,0.41,4.33,8.33,12.67,0.67,1.33,0.67,0.33,0.67,3.0,5.0,16.67,5.33,21.33
Jaden Hardy,1630702,Dallas Mavericks,AWAY,6.58,1.5,3.6,0.24,0.8,1.6,0.28,0.0,0.1,0.0,0.2,0.4,0.6,0.8,0.4,0.1,0.0,0.4,0.6,0.3,3.8,-1.8,2.7
Jaden Hardy,1630702,Dallas Mavericks,HOME,7.01,1.56,3.56,0.31,0.33,1.22,0.09,1.22,1.56,0.42,0.0,1.0,1.0,1.0,0.33,0.22,0.0,0.0,0.78,1.0,4.67,-0.56,4.22
Jaden McDaniels,1630183,Minnesota Timberwolves,AWAY,29.94,5.25,9.0,0.58,2.25,4.0,0.35,0.75,1.5,0.25,0.75,1.75,2.5,1.5,1.25,1.25,0.75,0.75,4.5,1.75,13.5,-0.5,13.75
Jaden McDaniels,1630183,Minnesota Timberwolves,HOME,34.77,4.25,8.67,0.45,1.25,3.33,0.31,2.0,2.42,0.49,2.08,2.17,4.25,1.0,1.0,0.75,1.25,0.42,3.0,2.0,11.75,5.75,13.17
Jaden Springer,1630531,Boston Celtics,HOME,5.51,0.5,0.75,0.5,0.0,0.0,0.0,0.0,0.0,0.0,0.0,0.75,0.75,0.25,0.5,0.0,0.25,0.0,0.25,0.5,1.0,1.0,1.5
Jae Crowder,203109,Milwaukee Bucks,AWAY,7.47,0.5,2.5,0.12,0.0,1.5,0.0,0.0,0.0,0.0,0.0,0.5,0.5,0.5,0.0,0.0,0.5,0.0,1.0,0.0,1.0,-3.0,0.5
Jae Crowder,203109,Milwaukee Bucks,HOME,13.47,1.0,3.5,0.25,0.5,2.0,0.25,1.0,1.0,0.5,1.0,1.5,2.5,0.5,0.0,0.0,0.5,0.0,1.0,0.5,3.5,-9.5,4.5
Jaime Jaquez Jr.,1631170,Miami Heat,AWAY,33.44,5.67,14.0,0.4,1.0,3.67,0.17,1.67,2.0,0.58,0.67,3.0,3.67,3.33,2.0,0.67,0.33,2.33,1.67,2.0,14.0,-6.67,11.33
Jaime Jaquez Jr.,1631170,Miami Heat,HOME,22.17,4.0,10.0,0.4,0.0,2.0,0.0,1.0,1.0,1.0,0.0,2.0,2.0,2.0,1.0,1.0,1.0,0.0,1.0,1.0,9.0,-3.0,8.0
Jalen Brunson,1628973,New York Knicks,AWAY,39.76,12.0,26.25,0.46,2.25,6.5,0.34,7.38,9.38,0.77,0.12,3.25,3.38,7.0,2.25,0.75,0.12,1.12,2.12,8.0,33.62,6.5,26.38
Jalen Brunson,1628973,New York Knicks,HOME,39.89,11.0,26.0,0.41,1.6,6.4,0.24,6.8,9.0,0.74,1.4,1.8,3.2,8.2,3.4,0.8,0.2,1.4,1.8,9.0,30.4,-8.0,22.2
Jalen Pickett,1629618,Denver Nuggets,AWAY,5.43,1.0,2.0,0.5,0.0,1.0,0.0,0.0,0.0,0.0,0.0,1.0,1.0,1.0,0.0,0.0,1.0,0.0,0.0,0.0,2.0,2.0,4.0
Jalen Pickett,1629618,Denver Nuggets,HOME,2.66,0.5,0.5,0.5,0.0,0.0,0.0,0.0,0.0,0.0,0.0,0.0,0.0,0.0,0.0,0.0,0.0,0.0,0.5,0.0,1.0,-2.0,1.0
Jalen Smith,1630188,Indiana Pacers,AWAY,7.87,0.75,1.75,0.33,0.5,1.0,0.38,1.25,1.5,0.62,1.5,1.5,3.0,0.5,0.75,0.5,0.25,0.5,1.5,1.5,3.25,-6.0,5.5
Jalen Smith,1630188,Indiana Pacers,HOME,3.6,0.0,0.33,0.0,0.0,0.0,0.0,0.0,0.67,0.0,0.33,0.33,0.67,0.0,0.33,0.0,0.0,0.0,0.67,0.33,0.0,-5.67,-0.67
Jalen Suggs,1630591,Orlando Magic,AWAY,33.0,5.0,11.25,0.45,2.75,7.75,0.32,3.5,4.5,0.8,2.0,4.25,6.25,4.0,2.75,1.25,0.25,0.75,2.5,4.5,16.25,4.75,18.0
Jalen Suggs,1630591,Orlando Magic,HOME,33.37,4.33,12.33,0.39,1.0,5.67,0.18,3.0,4.0,0.81,1.0,2.67,3.67,2.33,3.0,1.33,0.67,0.33,2.67,3.0,12.67,2.33,8.67
Jalen Williams,1631114,Oklahoma City Thunder,AWAY,38.04,7.25,16.25,0.45,1.25,3.75,0.27,2.0,2.25,0.45,1.25,6.75,8.0,4.5,2.0,2.75,0.25,1.5,2.25,3.0,17.75,6.5,22.0
Jalen Williams,1631114,Oklahoma City Thunder,HOME,37.5,7.67,15.83,0.49,1.67,4.0,0.42,2.33,3.0,0.64,1.33,4.67,6.0,6.0,1.83,1.0,0.67,1.17,2.0,3.83,19.33,6.67,22.33
Jamal Murray,1627750,Denver Nuggets,AWAY,38.64,8.43,19.86,0.42,2.43,6.57,0.32,2.29,2.43,0.69,0.57,2.29,2.86,5.71,2.57,0.71,0.14,0.71,2.29,3.14,21.57,-5.86,16.86
Jamal Murray,1627750,Denver Nuggets,HOME,38.26,8.2,22.0,0.37,1.2,5.4,0.17,1.6,1.8,0.56,1.0,5.4,6.4,5.4,2.6,1.0,1.0,2.2,2.4,3.6,19.2,1.8,16.4
James Harden,201935,LA Clippers,AWAY,38.95,7.0,14.0,0.47,3.33,6.67,0.52,3.0,3.33,0.89,1.0,3.0,4.0,6.33,3.67,1.0,0.67,1.33,2.33,4.33,20.33,-14.33,21.33
James Harden,201935,LA Clippers,HOME,41.56,6.33,15.67,0.4,2.67,9.0,0.25,6.67,7.33,0.92,0.0,5.0,5.0,9.67,1.0,1.0,1.33,0.33,2.0,6.0,22.0,-1.67,28.0
James Johnson,201949,Indiana Pacers,HOME,1.0,0.0,0.0,0.0,0.0,0.0,0.0,1.0,2.0,0.5,0.0,0.0,0.0,0.0,1.0,0.0,0.0,0.0,0.0,1.0,1.0,1.0,-1.0
Jarace Walker,1641716,Indiana Pacers,AWAY,5.26,0.75,1.75,0.21,0.0,0.25,0.0,0.5,0.75,0.38,0.25,0.75,1.0,0.75,1.25,0.5,0.25,0.0,0.5,0.5,2.0,-1.75,2.0
Jarace Walker,1641716,Indiana Pacers,HOME,1.95,0.0,0.6,0.0,0.0,0.4,0.0,0.0,0.0,0.0,0.0,0.0,0.0,0.2,0.2,0.0,0.0,0.0,0.0,0.0,0.0,-2.2,-0.6
Jarrett Allen,1628386,Cleveland Cavaliers,AWAY,31.92,7.0,10.5,0.66,0.0,0.0,0.0,4.5,6.5,0.69,1.5,12.0,13.5,1.0,0.5,1.5,0.0,1.0,1.0,5.0,18.5,0.0,28.5
Jarrett Allen,1628386,Cleveland Cavaliers,HOME,31.57,5.5,8.0,0.72,0.0,0.0,0.0,4.5,6.5,0.75,6.0,8.0,14.0,1.5,2.0,1.0,2.0,0.5,3.0,7.5,15.5,-4.0,27.5
Jaxson Hayes,1629637,Los Angeles Lakers,AWAY,5.69,0.0,0.67,0.0,0.0,0.0,0.0,0.0,0.0,0.0,0.67,1.67,2.33,0.33,0.0,0.0,0.0,0.0,1.67,0.33,0.0,0.33,2.0
Jaxson Hayes,1629637,Los Angeles Lakers,HOME,6.78,0.0,0.0,0.0,0.0,0.0,0.0,1.0,2.0,0.5,1.0,4.0,5.0,0.0,2.0,0.0,0.0,0.0,2.0,1.0,1.0,6.0,3.0
Jaylen Brown,1627759,Boston Celtics,AWAY,39.3,8.0,16.71,0.49,1.57,5.43,0.33,4.14,6.14,0.67,0.71,5.14,5.86,4.14,3.0,1.29,0.86,1.14,3.29,5.86,21.71,11.14,20.14
Jaylen Brown,1627759,Boston Celtics,HOME,35.98,9.92,18.5,0.53,2.08,6.0,0.34,3.25,5.0,0.58,1.42,4.58,6.0,2.75,2.5,1.17,0.5,0.67,2.33,4.42,25.17,0.83,22.75
Jaylin Williams,1631119,Oklahoma City Thunder,AWAY,10.28,1.0,2.0,0.58,0.75,1.25,0.58,0.0,0.0,0.0,0.75,1.75,2.5,1.25,0.5,0.25,0.5,0.25,0.75,0.75,2.75,0.0,5.75
Jaylin Williams,1631119,Oklahoma City Thunder,HOME,14.34,2.0,4.17,0.35,1.0,2.83,0.29,0.5,0.67,0.25,0.17,3.5,3.67,1.67,0.17,0.5,0.17,0.17,1.33,0.67,5.5,-4.83,9.0
Jayson Tatum,1628369,Boston Celtics,AWAY,42.46,9.29,20.57,0.45,2.86,8.29,0.34,6.0,6.71,0.88,0.86,8.71,9.57,6.86,2.29,1.43,0.57,1.0,2.29,5.14,27.43,11.14,31.57
Jayson Tatum,1628369,Boston Celtics,HOME,39.27,7.83,19.0,0.41,1.58,6.67,0.25,6.33,7.5,0.88,0.92,8.83,9.75,5.92,2.83,0.83,0.75,0.67,3.17,5.58,23.58,5.75,25.67
Jeremiah Robinson-Earl,1630526,New Orleans Pelicans,AWAY,5.28,1.0,2.0,0.5,0.0,0.0,0.0,0.0,2.0,0.0,1.0,0.0,1.0,1.0,0.0,0.0,0.0,1.0,0.0,1.0,2.0,-1.0,1.0
Jericho Sims,1630579,New York Knicks,AWAY,2.46,0.33,0.33,0.33,0.0,0.0,0.0,0.33,0.67,0.17,0.0,0.67,0.67,0.33,0.0,0.0,0.33,0.0,0.0,0.33,1.0,3.0,2.0
Jericho Sims,1630579,New York Knicks,HOME,9.98,0.5,0.5,0.5,0.0,0.0,0.0,1.0,1.0,0.5,1.5,1.5,3.0,0.0,0.0,1.0,0.0,0.0,0.5,1.0,2.0,-0.5,6.0
Jett Howard,1641724,Orlando Magic,AWAY,5.58,2.0,2.0,1.0,1.0,1.0,1.0,0.0,0.0,0.0,0.0,0.0,0.0,0.0,2.0,0.0,0.0,0.0,1.0,0.0,5.0,-2.0,3.0
Jett Howard,1641724,Orlando Magic,HOME,4.17,0.0,1.0,0.0,0.0,0.0,0.0,0.0,0.0,0.0,0.0,1.0,1.0,1.0,0.0,0.0,0.0,0.0,0.0,0.0,0.0,-6.0,1.0
Joe Ingles,204060,Orlando Magic,AWAY,9.42,0.25,1.0,0.12,0.0,0.75,0.0,0.0,0.0,0.0,0.0,1.5,1.5,1.75,0.0,0.25,0.0,0.0,0.25,0.5,0.5,0.75,3.25
Joe Ingles,204060,Orlando Magic,HOME,9.95,1.0,2.67,0.47,0.67,1.33,0.22,0.33,0.67,0.17,0.67,1.67,2.33,1.67,0.0,0.67,0.0,0.0,0.67,0.67,3.0,4.0,5.67
Joel Embiid,203954,Philadelphia 76ers,AWAY,40.36,9.33,20.0,0.47,2.67,7.0,0.38,14.0,15.67,0.89,1.33,7.33,8.67,5.33,3.0,1.67,1.0,2.33,3.0,10.67,35.33,10.33,36.67
Joel Embiid,203954,Philadelphia 76ers,HOME,42.39,10.33,24.33,0.42,1.67,6.0,0.29,8.33,10.33,0.78,5.0,8.0,13.0,6.0,5.33,0.67,2.0,2.67,3.67,7.33,30.67,5.0,31.0
Jonas Valanciunas,202685,New Orleans Pelicans,AWAY,25.87,6.5,11.5,0.56,0.0,0.0,0.0,3.0,3.5,0.88,5.5,8.0,13.5,2.0,2.5,0.5,0.0,0.5,2.0,3.0,16.0,-8.0,24.0
Jonas Valanciunas,202685,New Orleans Pelicans,HOME,18.88,4.5,9.5,0.57,0.0,0.5,0.0,4.0,5.0,0.69,3.5,5.0,8.5,0.5,2.5,0.5,0.0,0.5,2.5,4.0,13.0,-8.0,14.0
Jonathan Isaac,1628371,Orlando Magic,AWAY,19.23,1.25,4.75,0.31,0.75,3.5,0.16,0.0,0.0,0.0,1.25,3.0,4.25,0.25,1.0,0.25,1.0,0.25,0.75,0.25,3.25,-1.0,4.5
Jonathan Isaac,1628371,Orlando Magic,HOME,23.45,3.67,6.67,0.56,2.33,4.33,0.5,0.67,0.67,0.33,1.67,4.0,5.67,0.67,0.0,1.33,1.67,0.33,1.33,1.33,10.33,3.33,16.67
Jordan Hawkins,1641722,New Orleans Pelicans,AWAY,5.28,0.0,2.0,0.0,0.0,2.0,0.0,0.0,0.0,0.0,0.0,1.0,1.0,0.0,0.0,0.0,0.0,0.0,1.0,1.0,0.0,-1.0,-1.0
Jordan Hawkins,1641722,New Orleans Pelicans,HOME,3.12,0.0,1.0,0.0,0.0,0.5,0.0,0.0,0.0,0.0,0.0,0.5,0.5,0.0,0.0,0.0,0.0,0.0,0.0,0.0,0.0,1.0,-0.5
Jordan McLaughlin,1629162,Minnesota Timberwolves,AWAY,5.65,0.0,1.5,0.0,0.0,1.5,0.0,0.0,1.0,0.0,0.0,0.0,0.0,1.0,0.0,0.0,0.0,0.0,0.5,1.0,0.0,6.0,-1.5
Jordan McLaughlin,1629162,Minnesota Timberwolves,HOME,4.64,0.5,1.5,0.5,0.0,0.5,0.0,0.0,0.0,0.0,0.0,1.0,1.0,0.0,0.5,0.0,0.0,0.0,0.0,0.0,1.0,1.25,0.5
Jordan Walsh,1641775,Boston Celtics,HOME,3.77,0.33,1.0,0.33,0.0,0.33,0.0,0.0,0.0,0.0,0.0,0.67,0.67,0.0,0.0,0.0,0.0,0.0,0.0,0.0,0.67,2.0,0.67
Jose Alvarado,1630631,New Orleans Pelicans,AWAY,18.08,1.0,6.0,0.14,0.5,3.5,0.12,0.0,0.0,0.0,0.0,0.5,0.5,1.5,1.0,0.5,0.0,0.5,0.5,0.0,2.5,-11.5,-1.0
Jose Alvarado,1630631,New Orleans Pelicans,HOME,12.74,0.5,4.0,0.12,0.0,3.5,0.0,0.0,0.0,0.0,0.0,1.5,1.5,3.0,1.0,2.0,0.5,0.0,1.0,1.0,1.0,1.0,3.5
Josh Giddey,1630581,Oklahoma City Thunder,AWAY,21.1,5.0,9.75,0.5,2.5,4.75,0.48,0.25,0.5,0.12,0.75,2.75,3.5,2.75,1.5,0.5,0.5,0.75,1.25,0.75,12.75,7.5,13.5
Josh Giddey,1630581,Oklahoma City Thunder,HOME,16.14,2.33,6.0,0.37,0.33,2.5,0.1,1.0,1.0,0.33,0.67,3.0,3.67,1.67,1.0,0.0,0.33,0.33,0.67,0.67,6.0,1.5,7.0
Josh Green,1630182,Dallas Mavericks,AWAY,17.28,1.67,3.75,0.37,0.92,2.75,0.28,0.83,1.17,0.29,1.17,1.58,2.75,1.08,0.33,0.92,0.17,0.08,1.67,0.58,5.08,3.17,7.25
Josh Green,1630182,Dallas Mavericks,HOME,19.12,1.6,4.0,0.41,1.2,2.6,0.55,0.4,0.5,0.25,0.7,1.6,2.3,1.0,0.3,0.6,0.1,0.3,0.9,1.1,4.8,-3.5,6.0
Josh Hart,1628404,New York Knicks,AWAY,43.74,6.0,12.75,0.46,1.62,4.62,0.4,2.75,3.5,0.75,3.12,8.5,11.62,5.0,2.62,1.12,0.88,1.12,2.75,3.25,16.38,1.0,24.88
Josh Hart,1628404,New York Knicks,HOME,39.58,3.6,9.6,0.33,1.8,4.4,0.4,2.6,4.0,0.36,2.4,9.0,11.4,3.8,2.6,0.8,0.6,1.0,3.8,2.8,11.6,-10.6,18.2
Josh Minott,1631169,Minnesota Timberwolves,AWAY,4.58,1.0,2.0,0.67,1.0,1.5,0.75,0.0,0.0,0.0,0.5,0.5,1.0,1.0,0.0,0.0,0.0,0.5,0.0,0.0,3.0,5.0,4.0
Josh Minott,1631169,Minnesota Timberwolves,HOME,2.98,0.0,1.67,0.0,0.0,0.67,0.0,0.0,0.0,0.0,0.0,1.0,1.0,0.33,0.0,0.0,0.0,0.33,0.67,0.33,0.0,0.67,-0.33
Josh Okogie,1629006,Phoenix Suns,AWAY,7.32,1.25,2.25,0.42,0.25,0.75,0.12,0.75,1.5,0.19,0.0,1.0,1.0,0.5,0.5,0.5,0.0,0.0,1.75,1.0,3.5,1.25,3.25
Jrue Holiday,201950,Boston Celtics,AWAY,40.02,4.86,10.29,0.47,1.57,4.71,0.32,1.57,1.57,0.57,2.14,4.71,6.86,4.57,1.43,1.29,0.43,0.0,2.14,1.43,12.86,11.29,19.14
Jrue Holiday,201950,Boston Celtics,HOME,36.66,5.25,10.08,0.5,2.0,4.5,0.43,0.83,0.92,0.38,1.83,3.83,5.67,4.25,1.58,1.0,0.75,0.08,2.08,1.42,13.33,5.33,18.5
Julian Strawther,1631124,Denver Nuggets,AWAY,8.55,1.0,3.0,0.33,0.0,1.0,0.0,0.0,2.0,0.0,0.0,1.0,1.0,0.0,1.0,1.0,0.0,0.0,2.0,1.0,2.0,-9.0,-1.0
Julian Strawther,1631124,Denver Nuggets,HOME,3.6,0.5,1.5,0.25,0.5,1.5,0.25,1.0,1.0,0.5,0.0,0.5,0.5,0.0,0.0,0.0,0.0,0.0,0.5,0.5,2.5,-1.5,2.0
Justin Holiday,203200,Denver Nuggets,AWAY,12.23,0.57,2.71,0.12,0.57,2.29,0.13,0.14,0.29,0.07,0.0,2.0,2.0,0.14,0.29,0.29,0.0,0.14,1.29,0.29,1.86,2.86,1.71
Justin Holiday,203200,Denver Nuggets,HOME,12.78,1.4,3.2,0.3,1.4,2.6,0.39,0.2,0.4,0.1,0.2,1.0,1.2,0.6,0.2,0.8,0.0,0.2,1.4,0.8,4.4,0.8,4.8
Jusuf Nurkic,203994,Phoenix Suns,AWAY,25.94,3.25,6.5,0.49,0.0,0.5,0.0,1.25,2.75,0.4,3.25,5.0,8.25,2.75,1.5,1.5,1.5,0.0,3.75,3.0,7.75,-10.0,15.5
Karl-Anthony Towns,1626157,Minnesota Timberwolves,AWAY,35.3,6.25,15.0,0.45,2.25,6.75,0.41,3.0,3.25,0.95,1.5,7.25,8.75,2.25,1.5,0.5,0.5,1.5,2.5,4.0,17.75,-7.0,19.25
Karl-Anthony Towns,1626157,Minnesota Timberwolves,HOME,31.71,6.92,14.33,0.49,1.75,4.67,0.38,3.92,4.67,0.79,2.42,6.67,9.08,2.75,1.75,0.83,0.08,1.25,3.75,3.67,19.5,3.83,22.33
Kawhi Leonard,202695,LA Clippers,AWAY,24.53,4.0,7.0,0.57,0.0,0.0,0.0,1.0,1.0,1.0,1.0,8.0,9.0,2.0,4.0,0.0,0.0,0.0,2.0,2.0,9.0,-4.0,13.0
Kawhi Leonard,202695,LA Clippers,HOME,34.92,7.0,17.0,0.41,0.0,5.0,0.0,1.0,2.0,0.5,2.0,5.0,7.0,2.0,0.0,4.0,1.0,0.0,1.0,1.0,15.0,-8.0,18.0
Kelly Oubre Jr.,1626162,Philadelphia 76ers,AWAY,38.79,5.33,10.0,0.55,2.0,4.33,0.48,2.0,2.67,0.75,1.33,3.0,4.33,2.0,1.33,2.67,0.67,1.0,4.0,2.0,14.67,3.0,17.67
Kelly Oubre Jr.,1626162,Philadelphia 76ers,HOME,35.76,5.0,11.33,0.42,1.0,3.33,0.14,0.67,1.0,0.22,1.67,2.0,3.67,1.33,1.33,1.0,1.67,1.67,4.0,2.33,11.67,4.67,11.33
Kendall Brown,1631112,Indiana Pacers,AWAY,5.05,0.0,0.67,0.0,0.0,0.0,0.0,0.0,0.0,0.0,0.0,0.67,0.67,0.67,0.67,0.0,0.33,0.0,0.0,0.0,0.0,-3.33,0.33
Kendall Brown,1631112,Indiana Pacers,HOME,2.35,0.5,1.0,0.33,0.0,0.0,0.0,0.0,0.0,0.0,0.0,0.25,0.25,0.0,0.25,0.0,0.0,0.25,0.5,0.0,1.0,-2.5,0.5
Kenrich Williams,1629026,Oklahoma City Thunder,AWAY,4.17,0.0,0.67,0.0,0.0,0.33,0.0,0.0,0.0,0.0,0.0,0.67,0.67,0.33,0.0,0.33,0.0,0.0,0.33,0.0,0.0,-0.67,0.67
Kenrich Williams,1629026,Oklahoma City Thunder,HOME,4.74,0.5,1.5,0.33,0.0,1.0,0.0,0.0,0.0,0.0,0.25,1.25,1.5,0.5,0.0,0.0,0.0,0.0,0.5,0.0,1.0,-1.0,2.0
Kentavious Caldwell-Pope,203484,Denver Nuggets,AWAY,34.74,2.43,6.86,0.36,1.71,4.86,0.36,0.43,0.43,0.14,0.43,2.86,3.29,2.86,0.71,1.29,0.57,0.14,2.86,1.0,7.0,-3.29,9.86
Kentavious Caldwell-Pope,203484,Denver Nuggets,HOME,35.42,3.4,7.6,0.45,1.2,4.2,0.21,1.6,1.6,0.4,0.4,2.0,2.4,2.2,1.0,1.6,0.2,0.2,3.4,1.4,9.6,4.0,10.8
Kevin Durant,201142,Phoenix Suns,AWAY,42.05,9.25,16.75,0.55,1.25,3.0,0.47,7.0,8.5,0.83,0.25,6.25,6.5,3.25,2.5,0.5,1.5,0.0,2.0,6.75,26.75,-17.75,27.0
Kevin Love,201567,Miami Heat,AWAY,6.42,1.0,1.75,0.31,0.25,0.5,0.12,0.0,0.0,0.0,0.25,2.25,2.5,0.75,0.25,0.0,0.0,0.25,0.5,0.25,2.25,-7.25,4.5
Kevin Love,201567,Miami Heat,HOME,6.42,0.0,2.0,0.0,0.0,2.0,0.0,0.0,0.0,0.0,0.0,4.0,4.0,1.0,1.0,0.0,0.0,0.0,0.0,1.0,0.0,-5.0,2.0
Khris Middleton,203114,Milwaukee Bucks,AWAY,39.69,10.33,22.0,0.45,1.67,5.67,0.23,4.67,5.0,0.96,2.67,6.67,9.33,4.33,3.33,1.0,0.0,1.0,4.67,5.33,27.0,-7.67,26.33
Khris Middleton,203114,Milwaukee Bucks,HOME,36.91,8.0,16.0,0.51,2.0,4.67,0.38,4.33,5.0,0.93,1.33,7.67,9.0,5.0,1.33,0.0,0.33,1.0,3.67,4.67,22.33,9.33,26.67
Kobe Brown,1641738,LA Clippers,AWAY,4.22,0.0,0.0,0.0,0.0,0.0,0.0,0.0,0.0,0.0,0.0,0.5,0.5,0.0,0.0,0.0,0.0,0.0,0.5,0.0,0.0,1.0,0.5
Kobe Brown,1641738,LA Clippers,HOME,1.23,0.0,0.0,0.0,0.0,0.0,0.0,0.0,0.0,0.0,1.0,0.0,1.0,0.0,0.0,0.0,0.0,0.0,0.0,0.0,0.0,1.0,1.0
Kristaps Porzingis,204001,Boston Celtics,AWAY,16.72,3.67,7.33,0.44,1.0,3.0,0.28,2.33,2.67,0.83,0.0,3.33,3.33,0.0,0.33,0.0,1.0,0.0,1.33,3.33,10.67,10.0,10.67
Kristaps Porzingis,204001,Boston Celtics,HOME,28.67,4.25,9.5,0.44,1.75,5.0,0.28,3.25,3.5,0.71,1.0,4.25,5.25,2.0,1.0,1.25,2.0,0.25,2.75,4.25,13.5,2.25,17.5
Kyle Anderson,203937,Minnesota Timberwolves,AWAY,18.45,3.5,6.25,0.54,0.25,1.0,0.08,0.25,0.5,0.12,2.0,0.75,2.75,3.5,1.0,1.0,0.75,0.25,1.25,0.75,7.5,-1.5,11.5
Kyle Anderson,203937,Minnesota Timberwolves,HOME,14.33,1.09,2.91,0.41,0.09,0.36,0.02,0.82,0.91,0.25,0.91,1.73,2.64,2.18,0.55,0.55,0.18,0.27,1.91,0.73,3.09,-2.73,6.18
Kyle Lowry,200768,Philadelphia 76ers,AWAY,34.2,3.0,6.67,0.44,2.0,4.67,0.38,3.33,3.67,0.93,1.67,2.0,3.67,4.33,0.67,0.67,0.67,0.0,3.67,3.0,11.33,6.0,16.0
Kyle Lowry,200768,Philadelphia 76ers,HOME,24.29,0.67,4.0,0.11,0.67,3.33,0.13,0.67,1.33,0.17,0.33,3.0,3.33,3.67,0.67,1.33,0.67,0.33,4.0,1.33,2.67,-0.33,7.0
Kyrie Irving,202681,Dallas Mavericks,AWAY,39.86,8.42,17.83,0.46,2.58,6.42,0.36,2.75,3.42,0.62,1.25,2.58,3.83,5.17,2.33,1.17,0.5,1.42,2.67,2.58,22.17,5.5,20.42
Kyrie Irving,202681,Dallas Mavericks,HOME,40.1,8.5,18.4,0.45,2.2,5.9,0.36,2.9,3.2,0.72,0.7,2.8,3.5,5.1,2.3,0.9,0.1,1.2,3.0,2.8,22.1,4.7,19.2
Larry Nance Jr.,1626204,New Orleans Pelicans,AWAY,16.72,2.5,3.5,0.83,0.0,0.0,0.0,0.0,0.5,0.0,3.5,3.5,7.0,0.5,2.5,0.0,0.0,1.0,2.5,1.5,5.0,-3.5,8.5
Larry Nance Jr.,1626204,New Orleans Pelicans,HOME,25.38,2.5,5.0,0.5,0.5,2.0,0.25,2.0,2.5,0.83,4.0,5.5,9.5,3.0,1.0,1.0,0.0,0.0,2.0,2.5,7.5,-5.5,17.0
LeBron James,2544,Los Angeles Lakers,AWAY,39.21,11.0,19.33,0.57,2.0,4.33,0.37,3.67,4.67,0.84,1.0,5.33,6.33,8.0,5.0,2.0,1.33,1.67,1.33,5.0,27.67,-2.0,31.0
LeBron James,2544,Los Angeles Lakers,HOME,43.12,11.5,20.5,0.56,2.0,6.5,0.3,3.0,4.5,0.61,0.5,7.0,7.5,10.0,2.0,3.0,0.5,1.0,3.5,4.0,28.0,-2.5,36.5
Leonard Miller,1631159,Minnesota Timberwolves,AWAY,3.25,0.0,1.0,0.0,0.0,1.0,0.0,0.0,0.0,0.0,0.0,2.0,2.0,0.0,0.0,0.0,0.0,0.0,0.0,0.0,0.0,3.0,1.0
Leonard Miller,1631159,Minnesota Timberwolves,HOME,1.75,0.0,0.0,0.0,0.0,0.0,0.0,0.0,0.0,0.0,0.5,0.5,1.0,0.0,0.0,0.0,0.0,0.0,0.0,0.0,0.0,2.0,1.0
Lindy Waters III,1630322,Oklahoma City Thunder,AWAY,2.13,0.0,0.0,0.0,0.0,0.0,0.0,0.0,0.0,0.0,0.0,0.0,0.0,0.0,0.0,0.0,0.0,0.0,0.0,0.0,0.0,-2.0,0.0
Lindy Waters III,1630322,Oklahoma City Thunder,HOME,3.2,0.0,0.5,0.0,0.0,0.5,0.0,0.0,0.0,0.0,0.0,0.5,0.5,0.0,0.0,0.0,0.0,0.0,0.0,0.0,0.0,-1.0,0.0
Luguentz Dort,1629652,Oklahoma City Thunder,AWAY,38.52,4.0,10.25,0.42,2.75,7.75,0.36,2.25,2.5,0.62,2.25,4.25,6.5,2.5,0.75,1.0,0.25,0.5,4.0,3.25,13.0,0.5,16.0
Luguentz Dort,1629652,Oklahoma City Thunder,HOME,32.62,2.83,8.33,0.34,2.33,5.5,0.44,1.17,1.5,0.38,1.67,1.67,3.33,1.67,1.33,1.5,0.17,0.83,4.33,3.0,9.17,5.5,8.67
Luka Doncic,1629029,Dallas Mavericks,AWAY,40.92,9.92,21.92,0.46,3.33,9.25,0.36,5.92,7.58,0.8,0.67,9.17,9.83,8.58,4.08,1.83,0.25,0.33,2.0,6.33,29.08,4.75,31.83
Luka Doncic,1629029,Dallas Mavericks,HOME,40.84,10.6,24.1,0.44,2.8,10.0,0.27,4.6,6.2,0.73,0.8,8.2,9.0,7.5,4.1,1.9,0.5,0.8,3.2,6.6,28.6,4.0,28.3
Luka Garza,1630568,Minnesota Timberwolves,AWAY,4.58,1.5,2.0,0.75,0.0,0.0,0.0,2.0,2.0,0.5,0.5,0.5,1.0,0.5,0.0,0.0,0.0,0.5,0.0,1.0,5.0,5.0,6.0
Luka Garza,1630568,Minnesota Timberwolves,HOME,3.33,1.4,1.6,0.53,0.4,0.6,0.3,0.6,0.8,0.15,0.2,0.6,0.8,0.0,0.0,0.0,0.0,0.0,0.0,0.4,3.8,2.6,4.2
Luke Kornet,1628436,Boston Celtics,AWAY,8.06,1.8,2.2,0.66,0.0,0.0,0.0,0.6,0.8,0.3,1.6,1.0,2.6,0.0,0.6,0.2,0.2,0.0,1.4,0.4,4.2,-4.4,6.0
Luke Kornet,1628436,Boston Celtics,HOME,11.61,0.62,1.25,0.38,0.0,0.0,0.0,1.0,1.12,0.47,1.38,2.12,3.5,0.88,0.38,0.0,0.5,0.25,0.5,0.88,2.25,0.62,6.0
Malik Beasley,1627736,Milwaukee Bucks,AWAY,21.35,3.0,6.33,0.29,1.33,3.67,0.19,0.0,0.0,0.0,0.33,1.33,1.67,1.33,0.33,0.33,0.0,0.33,1.0,0.0,7.33,-16.33,7.0
Malik Beasley,1627736,Milwaukee Bucks,HOME,22.35,4.0,7.33,0.52,2.33,4.67,0.37,0.0,0.0,0.0,0.0,3.33,3.33,0.0,0.67,1.0,0.0,0.67,2.0,0.0,10.33,3.67,10.67
Mamadi Diakite,1629603,New York Knicks,AWAY,1.86,0.0,0.33,0.0,0.0,0.33,0.0,0.0,0.0,0.0,0.0,0.67,0.67,0.33,0.0,0.0,0.0,0.0,0.67,0.0,0.0,1.67,0.67
Mamadi Diakite,1629603,New York Knicks,HOME,9.3,0.0,2.0,0.0,0.0,1.0,0.0,2.0,2.0,1.0,0.0,1.0,1.0,0.0,1.0,1.0,1.0,1.0,1.0,1.0,2.0,8.0,2.0
MarJon Beauchamp,1630699,Milwaukee Bucks,AWAY,2.35,0.5,1.5,0.25,0.0,1.0,0.0,0.0,0.0,0.0,0.0,0.0,0.0,1.0,0.0,0.0,0.0,0.0,0.5,0.0,1.0,1.0,1.0
MarJon Beauchamp,1630699,Milwaukee Bucks,HOME,2.53,0.0,0.5,0.0,0.0,0.0,0.0,0.5,1.0,0.25,0.0,0.5,0.5,0.0,0.5,0.0,0.0,0.5,0.0,0.5,0.5,0.5,-0.5
Marcus Morris Sr.,202694,Cleveland Cavaliers,AWAY,12.17,1.8,4.4,0.36,0.6,1.8,0.18,0.4,0.4,0.2,0.2,1.8,2.0,0.2,0.0,0.2,0.0,0.2,0.8,0.2,4.6,-1.4,4.4
Marcus Morris Sr.,202694,Cleveland Cavaliers,HOME,19.21,3.25,6.5,0.31,1.5,3.5,0.27,0.0,0.25,0.0,0.25,3.5,3.75,0.5,0.75,0.75,0.0,0.25,1.0,0.75,8.0,-8.0,8.75
Markelle Fultz,1628365,Orlando Magic,AWAY,14.75,2.75,4.5,0.46,0.0,0.0,0.0,1.0,1.5,0.31,1.0,0.25,1.25,1.0,1.0,0.25,0.0,0.25,1.0,1.0,6.5,3.75,5.75
Markelle Fultz,1628365,Orlando Magic,HOME,15.52,3.0,5.33,0.56,0.0,0.33,0.0,0.33,1.0,0.17,1.0,2.0,3.0,1.33,1.33,0.67,0.0,0.33,2.67,0.67,6.33,5.67,7.0
Markieff Morris,202693,Dallas Mavericks,AWAY,12.0,1.0,5.0,0.2,1.0,3.0,0.33,0.0,0.0,0.0,0.0,4.0,4.0,0.0,1.0,0.0,0.0,0.0,1.0,0.0,3.0,6.0,2.0
Mason Plumlee,203486,LA Clippers,AWAY,13.68,2.0,3.67,0.72,0.0,0.0,0.0,1.33,2.0,0.42,1.67,1.67,3.33,1.0,0.67,0.67,0.67,0.33,3.0,1.33,5.33,-1.33,8.0
Mason Plumlee,203486,LA Clippers,HOME,8.35,0.33,2.33,0.08,0.0,0.0,0.0,0.33,0.67,0.17,0.67,2.67,3.33,0.33,0.0,0.33,0.0,1.67,1.33,0.67,1.0,-2.0,2.67
Matt Ryan,1630346,New Orleans Pelicans,HOME,2.53,0.0,1.0,0.0,0.0,1.0,0.0,0.0,0.0,0.0,0.0,1.0,1.0,0.0,1.0,1.0,0.0,0.0,0.0,0.0,0.0,2.0,0.0
Max Strus,1629622,Cleveland Cavaliers,AWAY,35.73,3.5,8.67,0.41,1.83,6.0,0.29,0.0,0.0,0.0,0.67,4.17,4.83,2.0,1.33,0.67,0.0,0.17,3.67,1.67,8.83,-1.17,9.83
Max Strus,1629622,Cleveland Cavaliers,HOME,36.52,3.5,8.5,0.41,2.33,6.0,0.35,0.83,0.83,0.33,0.67,5.17,5.83,3.83,1.17,0.83,0.0,0.67,3.17,2.0,10.17,-4.17,14.5
Maxi Kleber,1628467,Dallas Mavericks,AWAY,17.39,1.0,3.43,0.31,0.71,2.29,0.36,0.57,0.86,0.29,0.43,1.71,2.14,0.86,0.43,0.29,0.29,0.29,1.71,1.29,3.29,7.43,3.71
Maxi Kleber,1628467,Dallas Mavericks,HOME,16.17,1.5,2.5,0.67,1.17,2.0,0.45,0.0,0.0,0.0,0.17,1.5,1.67,1.17,0.33,0.17,0.33,0.17,1.33,0.17,4.17,-6.5,6.17
Michael Porter Jr.,1629008,Denver Nuggets,AWAY,36.74,4.57,10.86,0.42,2.14,5.86,0.32,1.71,2.14,0.5,0.57,5.86,6.43,1.14,1.43,0.71,1.0,0.71,2.86,1.71,13.0,-3.29,14.14
Michael Porter Jr.,1629008,Denver Nuggets,HOME,37.09,7.2,14.0,0.52,3.6,8.0,0.47,1.6,2.2,0.29,0.8,6.6,7.4,1.0,1.6,1.2,0.6,0.4,1.4,1.4,19.6,2.8,20.8
Mike Conley,201144,Minnesota Timberwolves,AWAY,30.93,3.25,8.0,0.39,1.5,5.0,0.23,1.0,2.0,0.31,0.25,3.0,3.25,4.75,1.25,1.5,0.25,0.5,2.75,2.25,9.0,-3.0,11.75
Mike Conley,201144,Minnesota Timberwolves,HOME,31.81,4.45,10.27,0.44,2.18,5.09,0.41,1.45,1.82,0.61,0.82,3.27,4.09,6.09,1.36,1.36,0.18,0.73,2.45,2.09,12.55,6.36,16.73
Miles McBride,1630540,New York Knicks,AWAY,26.19,3.88,9.12,0.35,1.25,4.5,0.2,0.38,0.38,0.25,0.25,1.38,1.62,1.88,0.75,0.38,0.25,0.75,2.12,0.5,9.38,-8.62,7.5
Miles McBride,1630540,New York Knicks,HOME,27.58,4.6,10.2,0.46,3.0,6.4,0.5,1.4,1.8,0.63,1.0,2.2,3.2,2.0,1.0,0.8,0.0,0.2,2.6,1.2,13.6,6.4,12.6
Mitchell Robinson,1629011,New York Knicks,AWAY,18.08,0.75,1.5,0.46,0.0,0.0,0.0,0.25,1.0,0.12,3.25,2.25,5.5,0.5,0.5,1.25,0.75,0.0,2.25,1.25,1.75,0.75,7.75
Mitchell Robinson,1629011,New York Knicks,HOME,21.16,2.0,4.0,0.47,0.0,0.0,0.0,1.0,2.0,0.5,5.0,4.5,9.5,0.5,0.5,0.5,2.0,0.5,3.0,1.5,5.0,13.5,14.0
Monte Morris,1628420,Minnesota Timberwolves,AWAY,6.72,1.0,4.0,0.25,0.0,2.0,0.0,1.0,1.0,0.5,0.0,0.5,0.5,0.0,0.0,0.5,0.0,0.0,1.5,0.5,3.0,2.0,1.0
Monte Morris,1628420,Minnesota Timberwolves,HOME,7.61,1.0,3.14,0.23,0.14,1.43,0.05,0.0,0.0,0.0,0.14,0.57,0.71,1.29,0.0,0.14,0.14,0.0,0.43,0.29,2.14,-0.29,2.29
Moritz Wagner,1629021,Orlando Magic,AWAY,15.56,2.0,5.0,0.38,0.25,1.25,0.25,0.5,1.0,0.12,2.0,3.0,5.0,0.0,1.5,1.0,0.5,1.0,3.25,1.75,4.75,4.25,6.25
Moritz Wagner,1629021,Orlando Magic,HOME,14.3,2.67,5.33,0.52,0.33,1.33,0.17,2.67,4.33,0.62,1.0,2.67,3.67,0.67,0.67,0.67,0.33,0.33,2.67,3.33,8.33,5.67,8.67
Myles Turner,1626167,Indiana Pacers,AWAY,31.1,5.75,10.62,0.57,2.38,5.0,0.52,1.75,2.12,0.56,1.62,5.0,6.62,2.38,2.25,0.5,1.38,0.25,2.12,2.0,15.62,4.0,19.0
Myles Turner,1626167,Indiana Pacers,HOME,33.48,6.67,13.33,0.48,2.22,5.11,0.34,2.67,3.67,0.62,1.44,5.22,6.67,1.89,1.67,0.44,1.56,0.67,3.0,2.78,18.22,2.56,19.44
Naji Marshall,1630230,New Orleans Pelicans,AWAY,20.59,2.5,6.5,0.39,0.5,3.0,0.12,2.0,2.0,0.5,0.5,2.5,3.0,2.0,0.0,1.0,0.5,0.0,2.0,1.0,7.5,-6.5,10.0
Naji Marshall,1630230,New Orleans Pelicans,HOME,21.44,3.5,7.5,0.44,2.5,4.5,0.54,1.0,1.0,0.5,1.0,1.5,2.5,0.5,1.0,0.0,0.5,0.5,2.5,1.0,10.5,-9.0,9.0
Nassir Little,1629642,Phoenix Suns,AWAY,3.4,0.75,1.25,0.42,0.25,0.75,0.12,0.0,0.0,0.0,0.0,0.25,0.25,0.0,0.0,0.0,0.0,0.0,0.5,0.25,1.75,-1.5,1.5
Naz Reid,1629675,Minnesota Timberwolves,AWAY,25.71,4.25,10.0,0.42,2.25,5.5,0.38,1.75,2.5,0.56,0.75,2.75,3.5,1.25,1.0,0.75,1.25,0.25,1.5,2.5,12.5,-6.25,11.75
Naz Reid,1629675,Minnesota Timberwolves,HOME,21.49,4.0,8.5,0.47,1.33,3.92,0.27,1.25,1.75,0.54,0.5,3.25,3.75,0.92,0.83,0.42,0.58,0.25,2.17,1.5,10.58,0.17,10.42
Neemias Queta,1629674,Boston Celtics,HOME,4.45,0.67,1.0,0.67,0.0,0.0,0.0,0.0,0.0,0.0,0.33,0.67,1.0,0.0,0.0,0.0,0.33,0.0,0.0,0.33,1.33,3.67,2.33
Nickeil Alexander-Walker,1629638,Minnesota Timberwolves,AWAY,23.01,2.25,6.0,0.34,1.25,4.5,0.21,0.5,0.5,0.25,0.0,2.25,2.25,2.0,1.0,0.0,0.75,0.25,1.5,0.5,6.25,-2.25,6.5
Nickeil Alexander-Walker,1629638,Minnesota Timberwolves,HOME,23.79,2.67,7.33,0.33,1.58,5.25,0.23,0.67,0.67,0.33,0.42,1.17,1.58,2.42,0.92,0.83,0.33,0.42,1.5,1.0,7.58,1.42,7.17
Nicolas Batum,201587,Philadelphia 76ers,AWAY,25.47,0.67,3.0,0.25,0.67,2.33,0.25,0.67,1.33,0.33,1.0,4.0,5.0,1.33,0.67,0.33,1.0,0.33,1.33,0.67,2.67,-3.67,6.67
Nicolas Batum,201587,Philadelphia 76ers,HOME,31.03,3.33,6.67,0.5,2.33,5.0,0.48,1.0,1.33,0.25,2.0,4.67,6.67,1.33,1.0,0.0,0.67,0.33,3.0,1.0,10.0,-2.33,14.0
Nikola Jokic,203999,Denver Nuggets,AWAY,40.5,12.0,22.0,0.56,1.14,5.29,0.21,5.14,5.86,0.75,3.0,9.14,12.14,8.0,3.86,1.29,0.43,1.29,2.57,6.0,30.29,-1.57,37.57
Nikola Jokic,203999,Denver Nuggets,HOME,39.71,9.8,18.0,0.53,1.2,3.2,0.31,5.6,6.0,0.85,4.4,10.8,15.2,9.6,2.6,1.6,1.0,1.6,2.8,7.6,26.4,4.4,42.6
Nikola Jovic,1631107,Miami Heat,AWAY,28.03,3.75,8.0,0.5,2.0,4.5,0.42,1.5,1.75,0.67,0.25,7.25,7.5,2.75,1.5,1.0,0.75,0.25,2.0,2.0,11.0,-10.25,17.0
Nikola Jovic,1631107,Miami Heat,HOME,16.15,1.0,4.0,0.25,1.0,4.0,0.25,0.0,0.0,0.0,1.0,2.0,3.0,0.0,0.0,1.0,0.0,0.0,1.0,0.0,3.0,-16.0,4.0
Norman Powell,1626181,LA Clippers,AWAY,29.04,5.33,10.33,0.52,2.67,5.67,0.48,2.0,2.33,0.58,0.33,2.33,2.67,0.33,1.67,0.67,0.0,0.33,3.33,2.0,15.33,-9.67,12.0
Norman Powell,1626181,LA Clippers,HOME,30.54,3.33,10.0,0.32,1.67,4.0,0.44,2.0,2.67,0.25,0.67,2.33,3.0,0.33,0.67,0.33,0.0,0.33,3.33,2.0,10.33,2.33,6.0
OG Anunoby,1628384,New York Knicks,AWAY,34.46,6.0,12.33,0.56,2.0,4.67,0.47,1.33,2.17,0.42,0.5,4.83,5.33,1.33,1.17,1.0,0.83,1.0,1.33,1.83,15.33,2.5,15.5
OG Anunoby,1628384,New York Knicks,HOME,39.21,6.67,12.33,0.55,1.33,3.67,0.36,0.0,0.0,0.0,1.33,6.0,7.33,0.67,1.0,0.67,1.33,0.33,2.33,1.0,14.67,-4.0,18.0
Obi Toppin,1630167,Indiana Pacers,AWAY,20.91,3.88,7.75,0.49,1.12,3.25,0.35,1.0,1.38,0.31,0.62,3.75,4.38,1.62,1.0,0.62,0.38,0.25,1.12,1.25,9.88,-2.25,11.62
Obi Toppin,1630167,Indiana Pacers,HOME,19.49,4.67,8.11,0.55,1.22,3.33,0.31,1.22,1.56,0.42,0.56,3.89,4.44,1.78,0.67,0.11,0.33,0.33,1.33,1.0,11.78,0.89,14.0
Olivier-Maxence Prosper,1641765,Dallas Mavericks,AWAY,3.16,0.0,1.0,0.0,0.0,0.0,0.0,0.0,0.0,0.0,0.0,1.0,1.0,0.5,0.0,0.0,0.0,0.5,0.0,0.0,0.0,-4.5,0.5
Olivier-Maxence Prosper,1641765,Dallas Mavericks,HOME,2.62,0.0,0.0,0.0,0.0,0.0,0.0,0.0,0.0,0.0,0.0,1.0,1.0,0.0,0.0,0.0,0.0,0.0,0.0,1.0,0.0,3.0,1.0
Orlando Robinson,1631115,Miami Heat,AWAY,2.48,0.0,1.0,0.0,0.0,1.0,0.0,0.0,0.0,0.0,0.0,1.0,1.0,1.0,0.0,0.0,0.0,0.0,0.0,0.0,0.0,3.0,1.0
Oshae Brissett,1629052,Boston Celtics,AWAY,4.02,0.0,0.0,0.0,0.0,0.0,0.0,0.0,0.0,0.0,0.0,0.33,0.33,0.0,0.0,0.0,0.33,0.0,0.67,0.0,0.0,-2.33,0.67
Oshae Brissett,1629052,Boston Celtics,HOME,6.15,0.86,1.57,0.36,0.29,0.29,0.29,0.29,0.57,0.14,0.43,1.43,1.86,0.0,0.14,0.43,0.14,0.0,0.0,0.43,2.29,2.43,3.57
Ousmane Dieng,1631172,Oklahoma City Thunder,AWAY,0.48,0.0,1.0,0.0,0.0,1.0,0.0,0.0,0.0,0.0,0.0,0.0,0.0,0.0,0.0,0.0,0.0,1.0,0.0,0.0,0.0,0.0,-1.0
Ousmane Dieng,1631172,Oklahoma City Thunder,HOME,2.27,0.33,0.33,0.33,0.0,0.0,0.0,0.0,0.0,0.0,0.0,0.0,0.0,0.0,0.0,0.0,0.0,0.0,0.0,0.0,0.67,0.0,0.67
P.J. Tucker,200782,LA Clippers,AWAY,10.43,1.0,1.0,1.0,1.0,1.0,1.0,0.0,0.0,0.0,1.0,0.0,1.0,0.0,0.0,0.0,0.0,0.0,1.0,1.0,3.0,-10.0,4.0
P.J. Tucker,200782,LA Clippers,HOME,20.18,3.0,5.0,0.6,2.0,3.0,0.67,0.0,0.0,0.0,2.0,0.0,2.0,0.0,3.0,0.0,0.0,0.0,5.0,0.0,8.0,-14.0,5.0
P.J. Washington,1629023,Dallas Mavericks,AWAY,34.23,5.0,11.08,0.44,2.67,6.33,0.43,1.75,2.42,0.53,1.5,4.5,6.0,1.25,1.08,0.92,0.67,0.83,3.42,1.67,14.42,2.17,15.42
P.J. Washington,1629023,Dallas Mavericks,HOME,37.39,4.0,10.1,0.39,1.5,5.9,0.2,1.8,2.6,0.48,1.5,5.8,7.3,1.6,1.9,0.5,0.9,0.2,2.6,2.2,11.3,2.2,12.8
Paolo Banchero,1631094,Orlando Magic,AWAY,38.47,10.25,23.5,0.44,2.5,6.0,0.4,6.25,8.0,0.76,3.25,7.0,10.25,3.5,3.5,1.75,0.5,2.5,1.75,5.25,29.25,5.0,26.75
Paolo Banchero,1631094,Orlando Magic,HOME,36.11,9.0,18.33,0.47,2.0,5.33,0.29,4.0,5.67,0.79,0.33,6.0,6.33,4.67,6.0,0.33,0.67,0.33,2.33,4.33,24.0,0.0,19.0
Pascal Siakam,1627783,Indiana Pacers,AWAY,34.5,10.62,17.62,0.61,1.0,2.5,0.41,2.25,4.0,0.34,2.62,5.62,8.25,3.12,1.5,0.38,0.38,1.0,2.88,3.75,24.5,0.38,26.38
Pascal Siakam,1627783,Indiana Pacers,HOME,36.27,8.0,16.56,0.48,0.67,3.0,0.22,2.33,3.44,0.56,2.33,4.56,6.89,4.33,0.78,1.11,0.44,0.78,2.78,3.33,19.0,3.89,21.33
Pat Connaughton,1626192,Milwaukee Bucks,AWAY,17.34,1.0,3.67,0.19,0.33,1.67,0.17,0.0,0.0,0.0,0.33,3.0,3.33,2.0,0.33,0.33,0.0,0.67,1.33,1.0,2.33,-9.33,5.0
Pat Connaughton,1626192,Milwaukee Bucks,HOME,24.11,2.67,4.67,0.58,0.67,2.0,0.28,0.67,0.67,0.67,0.67,3.67,4.33,2.33,0.67,1.67,0.33,0.33,0.67,0.67,6.67,9.33,12.67
Patrick Beverley,201976,Milwaukee Bucks,AWAY,34.19,3.0,7.33,0.46,0.67,1.67,0.67,2.0,2.33,0.6,0.33,1.33,1.67,3.33,0.67,0.33,0.33,0.33,2.67,2.0,8.67,-9.0,9.0
Patrick Beverley,201976,Milwaukee Bucks,HOME,35.66,2.33,5.67,0.39,0.67,2.0,0.33,2.33,2.67,0.6,1.0,4.0,5.0,7.67,1.33,1.67,1.0,0.33,2.67,3.0,7.67,8.67,18.0
Patty Mills,201988,Miami Heat,AWAY,14.74,1.5,4.5,0.33,1.0,3.5,0.2,0.5,0.5,0.5,0.0,0.0,0.0,1.0,0.0,0.5,0.0,0.0,0.5,2.0,4.5,-7.0,3.0
Patty Mills,201988,Miami Heat,HOME,22.02,3.0,8.0,0.38,1.0,4.0,0.25,2.0,3.0,0.67,1.0,0.0,1.0,1.0,1.0,0.0,0.0,1.0,1.0,3.0,9.0,5.0,4.0
Paul George,202331,LA Clippers,AWAY,35.33,6.0,14.33,0.39,3.33,7.33,0.4,3.0,4.33,0.47,0.33,7.0,7.33,5.67,2.67,1.33,0.33,1.33,3.33,4.33,18.33,-3.33,20.67
Paul George,202331,LA Clippers,HOME,38.81,7.0,17.33,0.41,2.67,9.0,0.31,4.0,4.0,1.0,0.67,5.67,6.33,4.0,2.0,1.0,0.67,1.33,4.0,4.0,20.67,-5.67,20.33
Paul Reed,1630194,Philadelphia 76ers,AWAY,7.58,1.0,2.0,0.56,0.0,0.0,0.0,0.33,0.67,0.17,1.67,1.33,3.0,0.33,0.67,0.0,0.67,0.33,1.67,0.67,2.33,-10.67,4.33
Paul Reed,1630194,Philadelphia 76ers,HOME,6.78,0.33,1.0,0.33,0.0,0.0,0.0,0.0,0.0,0.0,1.33,1.0,2.33,0.33,0.33,0.33,0.33,0.67,0.67,0.0,0.67,-4.0,3.0
Payton Pritchard,1630202,Boston Celtics,AWAY,15.42,1.29,4.43,0.36,1.0,2.71,0.36,0.29,0.29,0.14,0.57,0.71,1.29,1.43,0.57,0.14,0.0,0.0,1.0,0.43,3.86,0.0,3.0
Payton Pritchard,1630202,Boston Celtics,HOME,20.6,2.92,6.17,0.46,1.33,3.42,0.41,0.75,0.83,0.31,0.83,1.5,2.33,2.5,0.83,0.25,0.0,0.0,1.25,0.58,7.92,2.33,8.83
Peyton Watson,1631212,Denver Nuggets,AWAY,7.41,0.4,1.4,0.27,0.2,0.6,0.2,0.2,0.4,0.1,0.0,1.8,1.8,0.4,0.0,0.0,0.4,0.2,0.8,0.4,1.2,-2.2,2.6
Peyton Watson,1631212,Denver Nuggets,HOME,10.62,0.8,3.4,0.15,0.4,1.8,0.1,0.4,0.8,0.2,0.4,0.8,1.2,0.4,0.6,0.0,0.8,0.0,1.0,0.6,2.4,-4.6,1.2
Precious Achiuwa,1630173,New York Knicks,AWAY,21.73,2.6,5.2,0.41,0.0,0.6,0.0,0.6,1.4,0.18,1.8,2.0,3.8,0.6,0.0,0.8,0.8,0.8,2.8,1.8,5.8,-2.6,8.4
Precious Achiuwa,1630173,New York Knicks,HOME,18.94,2.0,4.25,0.56,0.0,0.0,0.0,0.5,1.5,0.25,3.25,1.5,4.75,0.5,1.0,0.0,2.0,1.0,1.5,1.0,4.5,-2.75,7.5
Reggie Jackson,202704,Denver Nuggets,AWAY,10.39,1.71,4.0,0.46,0.86,1.86,0.36,0.0,0.0,0.0,0.14,0.86,1.0,0.86,0.57,0.29,0.14,0.14,0.71,0.43,4.29,0.71,3.71
Reggie Jackson,202704,Denver Nuggets,HOME,8.94,0.8,4.0,0.18,0.4,2.0,0.17,0.4,0.4,0.2,0.2,1.4,1.6,1.2,0.8,0.0,0.0,0.2,1.4,0.8,2.4,-0.6,1.2
Royce O'Neale,1626220,Phoenix Suns,AWAY,26.12,1.75,5.5,0.2,1.5,4.5,0.21,0.0,0.0,0.0,1.25,3.5,4.75,1.0,0.5,0.25,0.0,0.0,2.75,0.5,5.0,-11.5,6.75
Rudy Gobert,203497,Minnesota Timberwolves,AWAY,31.04,3.67,5.67,0.7,0.0,0.0,0.0,1.67,3.33,0.39,2.0,3.67,5.67,1.33,0.33,0.33,0.67,0.67,4.0,3.0,9.0,-2.67,13.0
Rudy Gobert,203497,Minnesota Timberwolves,HOME,34.95,4.42,7.25,0.62,0.0,0.0,0.0,4.0,5.75,0.6,2.83,8.0,10.83,1.67,1.83,1.08,1.08,0.92,3.58,4.92,12.83,8.58,21.08
Rui Hachimura,1629060,Los Angeles Lakers,AWAY,30.14,2.33,6.33,0.38,0.67,2.33,0.28,1.0,1.33,0.5,0.67,3.33,4.0,0.67,0.33,0.0,0.0,0.0,2.0,1.0,6.33,-1.33,6.33
Rui Hachimura,1629060,Los Angeles Lakers,HOME,31.03,4.0,9.5,0.45,1.5,3.5,0.45,0.5,2.0,0.25,2.0,1.5,3.5,1.0,0.5,0.0,0.0,0.0,1.0,1.5,10.0,-10.0,7.0
Russell Westbrook,201566,LA Clippers,AWAY,19.15,1.33,8.67,0.14,0.33,3.0,0.17,1.0,2.0,0.5,0.33,3.33,3.67,0.67,1.67,1.0,0.67,0.67,1.67,1.33,4.0,-2.67,0.0
Russell Westbrook,201566,LA Clippers,HOME,18.88,3.0,8.0,0.38,1.0,2.67,0.28,1.67,2.33,0.72,1.67,3.0,4.67,2.67,1.67,1.33,0.33,1.0,2.0,2.0,8.67,3.0,10.33
Sam Hauser,1630573,Boston Celtics,AWAY,14.53,1.71,3.71,0.42,1.14,3.0,0.35,0.0,0.0,0.0,0.86,2.14,3.0,0.57,0.0,0.14,0.0,0.0,1.0,0.0,4.57,4.14,6.29
Sam Hauser,1630573,Boston Celtics,HOME,15.1,2.0,4.83,0.35,1.58,4.17,0.29,0.33,0.33,0.17,0.17,1.5,1.67,0.58,0.25,0.33,0.25,0.08,1.08,0.25,5.92,4.75,5.67
Sam Merrill,1630241,Cleveland Cavaliers,AWAY,7.83,0.0,1.83,0.0,0.0,1.5,0.0,0.0,0.0,0.0,0.17,0.5,0.67,0.67,0.0,0.0,0.0,0.33,0.5,0.17,0.0,-0.5,-0.5
Sam Merrill,1630241,Cleveland Cavaliers,HOME,19.47,2.5,4.5,0.66,2.5,4.5,0.66,0.75,0.75,0.5,0.25,1.75,2.0,1.25,0.0,0.0,0.0,0.0,1.5,0.75,8.25,-2.0,9.5
Shai Gilgeous-Alexander,1628983,Oklahoma City Thunder,AWAY,40.44,10.5,22.5,0.46,1.0,3.5,0.24,6.0,8.5,0.75,0.75,6.5,7.25,6.0,2.0,2.0,1.5,2.25,3.5,6.25,28.0,6.75,28.25
Shai Gilgeous-Alexander,1628983,Oklahoma City Thunder,HOME,39.48,11.5,22.33,0.52,2.0,3.83,0.48,6.67,7.83,0.86,0.83,6.33,7.17,6.67,2.33,0.83,1.83,1.17,2.83,6.17,31.67,4.83,33.83
Shake Milton,1629003,New York Knicks,AWAY,2.51,0.0,0.33,0.0,0.0,0.0,0.0,0.67,0.67,0.33,0.0,0.0,0.0,0.33,0.0,0.33,0.0,0.0,0.0,0.33,0.67,3.0,1.0
Shake Milton,1629003,New York Knicks,HOME,14.53,0.0,5.0,0.0,0.0,2.0,0.0,3.0,4.0,0.75,0.0,1.0,1.0,1.0,0.0,0.0,0.0,1.0,0.0,2.0,3.0,2.0,-1.0
Spencer Dinwiddie,203915,Los Angeles Lakers,AWAY,12.48,0.0,0.67,0.0,0.0,0.33,0.0,0.33,0.67,0.17,0.0,1.33,1.33,0.67,0.33,0.67,0.0,0.0,2.0,0.33,0.33,-5.67,1.67
Spencer Dinwiddie,203915,Los Angeles Lakers,HOME,17.77,2.5,6.0,0.44,1.0,3.5,0.25,1.0,2.0,0.5,0.5,1.0,1.5,3.0,0.0,0.0,0.5,0.0,0.5,1.0,7.0,-1.0,7.5
Svi Mykhailiuk,1629004,Boston Celtics,AWAY,1.66,0.5,0.5,0.5,0.0,0.0,0.0,0.0,0.0,0.0,0.0,0.5,0.5,0.0,0.0,0.0,0.0,0.0,0.0,0.0,1.0,-0.5,1.5
Svi Mykhailiuk,1629004,Boston Celtics,HOME,4.73,0.33,1.83,0.19,0.33,1.5,0.2,0.0,0.0,0.0,0.17,0.5,0.67,0.17,0.33,0.17,0.0,0.0,0.5,0.17,1.0,-1.33,0.17
T.J. McConnell,204456,Indiana Pacers,AWAY,19.75,4.5,11.0,0.4,0.38,1.38,0.25,0.62,0.88,0.38,0.75,2.62,3.38,3.75,1.5,0.62,0.0,0.88,1.5,1.5,10.0,-5.38,9.5
T.J. McConnell,204456,Indiana Pacers,HOME,21.15,6.0,10.78,0.56,0.44,1.67,0.19,0.89,0.89,0.44,0.56,2.22,2.78,6.22,1.0,1.11,0.22,0.33,1.56,2.0,13.33,4.22,17.89
T.J. Warren,203933,Minnesota Timberwolves,AWAY,5.9,0.0,2.0,0.0,0.0,1.0,0.0,0.0,0.0,0.0,1.0,1.0,2.0,1.0,0.0,0.0,0.0,0.0,0.0,0.0,0.0,7.0,1.0
T.J. Warren,203933,Minnesota Timberwolves,HOME,2.68,0.0,0.0,0.0,0.0,0.0,0.0,0.0,0.0,0.0,0.5,0.0,0.5,0.0,0.0,0.0,0.0,0.0,0.0,0.0,0.0,0.0,0.5
Taurean Prince,1627752,Los Angeles Lakers,AWAY,23.84,3.0,5.67,0.56,1.33,3.33,0.42,1.33,1.33,0.67,0.0,3.33,3.33,0.33,0.33,0.33,0.33,0.33,2.0,1.0,8.67,2.0,10.0
Taurean Prince,1627752,Los Angeles Lakers,HOME,19.68,1.5,6.0,0.21,0.5,3.5,0.12,2.0,2.0,0.5,0.5,0.5,1.0,1.0,0.0,0.0,0.5,0.0,1.5,1.5,5.5,-4.5,3.5
Terance Mann,1629611,LA Clippers,AWAY,29.76,2.67,7.33,0.28,1.33,4.0,0.25,1.33,1.33,0.67,2.33,2.0,4.33,1.67,0.33,0.0,0.0,1.0,3.33,1.33,8.0,-10.0,9.0
Terance Mann,1629611,LA Clippers,HOME,32.71,3.67,8.0,0.45,2.0,3.33,0.61,1.33,1.33,0.67,3.33,2.33,5.67,2.0,1.33,0.0,0.0,0.67,3.0,0.67,10.67,1.67,12.67
Thaddeus Young,201152,Phoenix Suns,AWAY,3.62,0.0,0.0,0.0,0.0,0.0,0.0,0.0,0.0,0.0,0.0,0.0,0.0,0.0,0.0,0.0,0.0,0.0,0.0,0.0,0.0,-5.0,0.0
Thanasis Antetokounmpo,203648,Milwaukee Bucks,AWAY,2.35,0.0,0.0,0.0,0.0,0.0,0.0,0.0,0.0,0.0,0.0,0.0,0.0,0.0,0.0,0.5,0.5,0.0,0.5,0.0,0.0,1.0,1.0
Thomas Bryant,1628418,Miami Heat,AWAY,8.88,2.5,3.5,0.83,0.0,1.0,0.0,1.0,1.5,0.33,1.0,1.5,2.5,0.5,1.0,0.0,0.0,0.0,0.5,1.0,6.0,-2.0,6.5
Tim Hardaway Jr.,203501,Dallas Mavericks,AWAY,12.09,2.25,5.0,0.34,1.25,3.12,0.26,0.5,1.0,0.16,0.12,1.62,1.75,0.5,0.0,0.25,0.12,0.25,0.38,0.75,6.25,-2.75,5.62
Tim Hardaway Jr.,203501,Dallas Mavericks,HOME,13.49,0.67,3.0,0.14,0.5,2.0,0.14,0.0,0.0,0.0,0.17,1.67,1.83,0.17,0.33,0.5,0.0,0.17,1.17,0.17,1.83,-2.17,1.67
Tobias Harris,202699,Philadelphia 76ers,AWAY,32.85,3.67,9.0,0.41,0.33,2.33,0.08,0.67,0.67,0.33,1.67,5.67,7.33,0.67,0.67,0.0,0.33,0.67,2.0,0.33,8.33,-1.67,10.67
Tobias Harris,202699,Philadelphia 76ers,HOME,39.91,3.67,8.0,0.33,1.67,3.67,0.3,0.67,0.67,0.33,1.33,5.67,7.0,2.33,0.33,0.33,0.67,0.0,1.67,0.33,9.67,-1.33,15.33
Trey Murphy III,1630530,New Orleans Pelicans,AWAY,40.85,5.5,13.0,0.41,3.5,9.0,0.38,0.0,0.0,0.0,1.0,3.5,4.5,2.0,1.0,0.5,2.0,0.5,3.0,1.5,14.5,-13.5,15.0
Trey Murphy III,1630530,New Orleans Pelicans,HOME,43.18,3.5,11.0,0.32,1.5,6.0,0.27,0.0,0.0,0.0,0.5,8.0,8.5,2.5,3.0,2.0,1.0,1.0,3.0,1.0,8.5,-16.5,12.0
Tristan Thompson,202684,Cleveland Cavaliers,AWAY,8.97,0.8,1.8,0.27,0.0,0.0,0.0,0.2,0.4,0.1,0.6,1.0,1.6,1.2,0.2,0.2,0.4,0.2,1.0,0.2,1.8,-3.4,3.8
Tristan Thompson,202684,Cleveland Cavaliers,HOME,8.45,0.6,1.4,0.27,0.0,0.0,0.0,0.0,0.0,0.0,1.4,1.0,2.4,0.8,0.2,0.0,0.6,0.2,0.8,0.6,1.2,-3.0,4.0
Tyler Herro,1629639,Miami Heat,AWAY,35.26,5.5,15.25,0.37,3.25,9.25,0.33,2.0,2.0,0.75,0.0,3.5,3.5,5.75,2.25,0.5,0.0,0.75,2.25,3.25,16.25,-8.75,14.0
Tyler Herro,1629639,Miami Heat,HOME,43.73,8.0,17.0,0.47,2.0,6.0,0.33,1.0,2.0,0.5,0.0,4.0,4.0,4.0,5.0,0.0,0.0,2.0,1.0,2.0,19.0,-8.0,12.0
Tyrese Haliburton,1630169,Indiana Pacers,AWAY,34.65,6.86,14.0,0.49,3.71,9.43,0.39,0.71,0.86,0.36,0.43,4.14,4.57,8.0,1.71,1.14,0.57,0.57,1.43,1.29,18.14,5.29,23.43
Tyrese Haliburton,1630169,Indiana Pacers,HOME,34.91,7.12,14.62,0.48,3.38,9.25,0.36,1.5,1.75,0.6,1.12,3.88,5.0,8.38,2.38,1.38,0.75,0.12,0.5,2.25,19.12,2.75,24.5
Tyrese Maxey,1630178,Philadelphia 76ers,AWAY,42.72,10.33,22.67,0.45,3.0,8.67,0.35,3.33,3.33,1.0,0.0,4.0,4.0,5.67,1.67,1.0,0.67,1.67,2.67,3.0,27.0,-1.33,24.33
Tyrese Maxey,1630178,Philadelphia 76ers,HOME,46.44,11.67,23.33,0.48,4.33,9.67,0.4,5.0,6.0,0.88,0.33,6.0,6.33,8.0,2.67,0.67,0.0,1.67,2.67,5.0,32.67,-1.33,32.33
Wendell Carter Jr.,1628976,Orlando Magic,AWAY,28.26,2.75,8.0,0.31,1.0,4.5,0.2,1.5,1.75,0.69,1.25,5.25,6.5,1.5,0.5,1.0,0.25,0.25,4.0,2.0,8.0,5.25,11.25
Wendell Carter Jr.,1628976,Orlando Magic,HOME,23.98,2.67,5.0,0.5,1.0,2.33,0.39,0.67,1.33,0.33,1.33,4.67,6.0,1.0,1.0,0.33,1.0,0.67,1.33,2.33,7.0,0.33,11.33
Wendell Moore Jr.,1631111,Minnesota Timberwolves,AWAY,3.25,1.0,1.0,1.0,0.0,0.0,0.0,0.0,0.0,0.0,0.0,1.0,1.0,0.0,0.0,0.0,0.0,0.0,1.0,0.0,2.0,3.0,3.0
Wendell Moore Jr.,1631111,Minnesota Timberwolves,HOME,3.05,0.4,1.2,0.13,0.2,0.8,0.1,0.0,0.0,0.0,0.0,0.2,0.2,0.4,0.2,0.2,0.0,0.0,0.4,0.0,1.0,1.2,0.8
Xavier Tillman,1630214,Boston Celtics,AWAY,12.09,1.0,1.0,1.0,0.5,0.5,0.5,0.0,0.0,0.0,0.5,2.0,2.5,0.0,1.0,0.5,1.0,0.0,1.5,0.5,2.5,10.5,5.5
Xavier Tillman,1630214,Boston Celtics,HOME,7.49,0.5,1.0,0.42,0.0,0.0,0.0,0.17,0.17,0.17,0.5,1.0,1.5,0.5,0.17,0.33,0.17,0.33,0.67,0.67,1.17,0.17,3.0
Zeke Nnaji,1630192,Denver Nuggets,AWAY,5.43,1.0,1.0,1.0,0.0,0.0,0.0,0.0,0.0,0.0,0.0,0.0,0.0,0.0,1.0,0.0,0.0,0.0,0.0,1.0,2.0,2.0,1.0
Zeke Nnaji,1630192,Denver Nuggets,HOME,4.27,0.5,1.0,0.5,0.0,0.0,0.0,0.5,1.0,0.25,1.0,0.0,1.0,0.0,0.5,0.0,0.5,0.0,0.5,0.5,1.5,-3.5,1.5
AJ Green,1631260,Milwaukee Bucks,OVERALL,11.24,1.0,2.67,0.32,0.33,1.83,0.06,0.5,0.5,0.33,0.0,1.5,1.5,0.33,0.17,0.0,0.0,0.0,1.5,0.67,2.83,-0.33,2.83
AJ Lawson,1630639,Dallas Mavericks,OVERALL,2.99,0.4,0.9,0.25,0.2,0.6,0.1,0.1,0.2,0.05,0.1,0.2,0.3,0.0,0.0,0.0,0.1,0.0,0.1,0.1,1.1,-1.2,0.9
Aaron Gordon,203932,Denver Nuggets,OVERALL,37.06,5.75,9.83,0.57,0.92,2.25,0.28,1.92,2.33,0.6,3.0,4.25,7.25,4.42,1.5,0.83,0.58,0.42,2.33,2.58,14.33,-3.83,21.42
Aaron Nesmith,1630174,Indiana Pacers,OVERALL,32.9,3.59,8.29,0.44,1.29,4.65,0.29,2.0,2.18,0.63,1.12,3.82,4.94,2.18,1.35,0.65,0.53,0.29,3.88,2.71,10.47,0.82,12.53
Aaron Wiggins,1630598,Oklahoma City Thunder,OVERALL,15.69,2.3,4.7,0.53,0.6,2.0,0.23,1.0,1.1,0.48,0.9,2.3,3.2,1.0,0.9,0.6,0.3,0.1,0.8,0.8,6.2,2.2,7.9
Al Horford,201143,Boston Celtics,OVERALL,30.26,3.47,7.26,0.52,1.84,5.0,0.4,0.37,0.58,0.17,1.84,5.16,7.0,2.11,0.63,0.79,0.84,0.0,1.47,0.74,9.16,7.37,15.26
Alec Burks,202692,New York Knicks,OVERALL,20.09,4.17,8.33,0.42,2.0,4.67,0.34,4.5,5.33,0.66,0.67,2.67,3.33,1.0,0.0,0.17,0.17,0.67,1.0,3.5,14.83,-3.5,14.5
Amir Coffey,1629599,LA Clippers,OVERALL,18.7,1.17,3.67,0.48,0.5,1.83,0.12,0.0,0.0,0.0,0.33,1.33,1.67,0.33,0.83,0.33,0.17,0.33,1.0,0.17,2.83,-6.17,2.0
Andre Jackson Jr.,1641748,Milwaukee Bucks,OVERALL,11.94,1.0,2.2,0.5,0.4,1.2,0.1,0.0,0.0,0.0,1.0,1.2,2.2,2.0,0.6,1.0,0.2,0.2,2.0,0.0,2.4,2.2,6.0
Andrew Nembhard,1629614,Indiana Pacers,OVERALL,32.6,6.0,10.71,0.56,1.71,3.53,0.46,1.18,1.53,0.48,0.82,2.47,3.29,5.53,1.35,0.35,0.24,0.59,3.29,1.71,14.88,1.06,17.88
Anthony Black,1641710,Orlando Magic,OVERALL,5.38,1.5,3.5,0.45,0.0,1.0,0.0,0.0,0.0,0.0,0.5,0.5,1.0,1.0,0.5,0.5,0.0,0.5,0.5,0.0,3.0,-4.0,3.0
Anthony Davis,203076,Los Angeles Lakers,OVERALL,41.58,11.8,18.6,0.65,0.0,1.0,0.0,4.2,5.2,0.77,3.0,12.6,15.6,4.0,2.2,0.4,1.6,0.8,3.8,4.8,27.8,-1.8,39.4
Anthony Edwards,1630162,Minnesota Timberwolves,OVERALL,40.54,9.75,20.25,0.47,2.88,7.19,0.37,5.19,6.38,0.76,1.12,5.88,7.0,6.5,3.25,1.5,0.56,0.75,2.31,4.12,27.56,4.44,28.19
Austin Reaves,1630559,Los Angeles Lakers,OVERALL,34.82,6.0,12.6,0.48,1.4,5.2,0.27,3.4,3.8,0.75,1.0,2.8,3.8,3.6,0.8,1.4,0.6,0.6,1.6,2.6,16.8,-1.8,18.4
Bam Adebayo,1628389,Miami Heat,OVERALL,38.5,9.6,19.4,0.52,0.4,2.0,0.13,3.0,4.2,0.77,2.2,7.2,9.4,3.8,1.6,0.4,0.0,0.6,3.0,4.2,22.6,-7.2,23.6
Ben Sheppard,1641767,Indiana Pacers,OVERALL,19.68,1.82,4.18,0.46,1.12,2.94,0.36,0.41,0.53,0.29,0.59,2.41,3.0,1.0,0.65,0.47,0.06,0.35,1.88,0.53,5.18,1.71,6.59
Bobby Portis,1626171,Milwaukee Bucks,OVERALL,31.14,7.33,15.17,0.48,0.5,2.0,0.28,1.33,2.17,0.52,2.67,8.67,11.33,1.0,1.5,0.5,0.17,0.83,2.17,2.5,16.5,6.0,19.33
Bojan Bogdanovic,202711,New York Knicks,OVERALL,12.69,1.75,6.0,0.2,1.5,3.75,0.29,1.0,1.75,0.29,0.25,2.75,3.0,1.0,0.25,0.0,0.25,0.75,0.75,1.25,6.0,8.0,5.0
Bol Bol,1629626,Phoenix Suns,OVERALL,4.35,0.33,1.0,0.17,0.0,0.0,0.0,0.0,0.0,0.0,0.0,1.33,1.33,0.0,0.0,0.33,0.0,0.0,0.67,0.0,0.67,0.33,1.67
Bones Hyland,1630538,LA Clippers,OVERALL,3.96,1.0,2.33,0.2,0.33,1.67,0.11,1.33,1.33,0.33,0.0,0.67,0.67,1.33,0.33,0.0,0.0,0.0,0.0,0.67,3.67,0.67,4.0
Bradley Beal,203078,Phoenix Suns,OVERALL,38.54,6.5,14.75,0.45,2.5,5.75,0.39,1.0,1.25,0.42,1.5,1.25,2.75,4.5,3.25,0.75,0.25,0.25,3.75,1.5,16.5,-12.75,13.0
Brandon Boston Jr.,1630527,LA Clippers,OVERALL,3.23,0.67,1.33,0.33,0.0,0.0,0.0,0.33,0.67,0.17,0.33,0.33,0.67,0.33,0.0,0.0,0.0,0.0,0.67,0.33,1.67,1.67,1.67
Brandon Ingram,1627742,New Orleans Pelicans,OVERALL,36.36,4.75,13.75,0.36,0.5,2.0,0.17,4.25,4.75,0.92,0.25,4.25,4.5,3.25,2.25,1.0,1.25,1.75,2.0,4.25,14.25,-11.0,12.5
Brook Lopez,201572,Milwaukee Bucks,OVERALL,33.35,7.33,12.5,0.57,1.67,3.83,0.28,1.33,2.5,0.28,1.83,2.5,4.33,1.83,1.5,0.0,1.33,0.5,1.67,2.0,17.67,-5.83,17.33
Buddy Hield,1627741,Philadelphia 76ers,OVERALL,12.74,1.75,4.25,0.23,1.5,3.25,0.17,0.5,0.5,0.25,0.5,0.75,1.25,0.5,0.5,0.0,0.25,0.0,1.0,0.25,5.5,-1.25,4.5
CJ McCollum,203468,New Orleans Pelicans,OVERALL,36.91,7.75,18.5,0.43,1.75,7.25,0.24,0.5,0.5,0.25,0.5,4.25,4.75,4.75,4.0,1.75,0.75,0.5,3.5,0.5,17.75,-13.25,15.0
Caleb Houstan,1631216,Orlando Magic,OVERALL,4.67,0.33,0.67,0.33,0.33,0.67,0.33,0.0,0.0,0.0,0.33,0.33,0.67,0.0,0.0,0.0,0.0,0.0,0.0,0.0,1.0,-4.33,1.33
Caleb Martin,1628997,Miami Heat,OVERALL,35.13,4.2,9.0,0.46,2.2,5.0,0.41,1.0,1.0,0.6,1.0,2.6,3.6,1.4,0.6,0.6,0.0,0.6,2.8,1.4,11.6,-11.8,11.8
Cameron Payne,1626166,Philadelphia 76ers,OVERALL,12.22,2.0,5.0,0.34,1.6,3.6,0.36,0.0,0.0,0.0,0.0,1.2,1.2,1.4,0.6,0.2,0.8,0.4,2.0,0.2,5.6,-1.2,5.6
Caris LeVert,1627747,Cleveland Cavaliers,OVERALL,25.3,4.0,9.27,0.37,0.55,3.0,0.15,1.55,2.36,0.43,0.73,2.91,3.64,2.27,1.27,0.82,0.55,0.36,1.27,1.82,10.09,-3.27,10.0
Cason Wallace,1641717,Oklahoma City Thunder,OVERALL,19.8,1.6,4.1,0.44,0.9,2.8,0.32,0.1,0.2,0.05,0.7,0.6,1.3,1.0,0.4,0.9,0.2,0.1,1.4,0.4,4.2,3.2,4.6
Chet Holmgren,1631096,Oklahoma City Thunder,OVERALL,34.47,5.9,11.9,0.49,1.3,5.0,0.26,2.5,3.3,0.77,1.4,5.8,7.2,2.1,1.9,0.7,2.5,0.8,2.6,3.4,15.6,7.5,19.4
Chris Livingston,1641753,Milwaukee Bucks,OVERALL,3.12,0.5,0.5,0.5,0.0,0.0,0.0,0.0,1.5,0.0,0.0,0.0,0.0,0.0,0.0,0.0,0.0,0.0,0.0,1.0,1.0,0.0,-0.5
Christian Braun,1631128,Denver Nuggets,OVERALL,17.02,1.92,4.5,0.38,0.33,1.5,0.25,0.92,1.33,0.34,0.75,1.92,2.67,0.75,0.08,0.17,0.42,0.67,1.5,0.83,5.08,0.67,6.0
Chuma Okeke,1629643,Orlando Magic,OVERALL,4.88,1.0,1.5,0.75,0.5,1.0,0.5,0.5,0.5,0.5,0.0,0.0,0.0,0.5,0.0,0.0,0.0,0.0,0.0,0.5,3.0,-4.0,3.0
Cole Anthony,1630175,Orlando Magic,OVERALL,14.7,1.86,5.86,0.3,0.29,1.86,0.1,1.14,1.29,0.5,0.29,1.86,2.14,1.29,0.71,0.57,0.14,0.43,2.29,1.0,5.14,1.86,4.43
D'Angelo Russell,1626156,Los Angeles Lakers,OVERALL,36.93,5.6,14.6,0.35,2.8,8.8,0.29,0.2,0.4,0.1,0.2,2.6,2.8,4.2,1.8,0.8,0.2,0.2,1.2,1.0,14.2,4.4,11.2
DaQuan Jeffries,1629610,New York Knicks,OVERALL,5.01,0.75,2.0,0.32,0.5,1.25,0.31,0.0,0.0,0.0,0.25,0.75,1.0,0.0,0.0,0.25,0.0,0.0,0.5,0.0,2.0,3.25,2.0
Damian Jones,1627745,Cleveland Cavaliers,OVERALL,4.58,0.0,0.0,0.0,0.0,0.0,0.0,0.0,0.0,0.0,0.5,0.5,1.0,1.0,1.0,0.0,0.5,0.0,0.0,0.0,0.0,-1.5,1.5
Damian Lillard,203081,Milwaukee Bucks,OVERALL,39.06,8.5,20.25,0.42,5.0,12.0,0.42,9.25,9.5,0.97,0.5,2.75,3.25,5.0,2.25,1.0,0.0,0.75,2.0,6.25,31.25,-8.75,26.25
Daniel Gafford,1629655,Dallas Mavericks,OVERALL,20.24,3.55,5.59,0.64,0.0,0.0,0.0,1.86,2.95,0.44,1.91,3.64,5.55,0.68,0.86,0.27,1.5,0.45,1.73,2.36,8.95,-2.09,12.95
Daniel Theis,1628464,LA Clippers,OVERALL,4.4,1.0,1.0,1.0,1.0,1.0,1.0,0.0,0.0,0.0,0.0,1.0,1.0,0.0,0.0,0.0,0.0,0.0,0.0,0.0,3.0,2.0,4.0
Danilo Gallinari,201568,Milwaukee Bucks,OVERALL,12.44,1.33,2.67,0.31,0.0,0.67,0.0,1.0,1.33,0.5,0.33,2.67,3.0,0.67,0.33,0.0,0.0,0.0,0.0,2.0,3.67,-2.0,5.33
Dante Exum,203957,Dallas Mavericks,OVERALL,6.84,0.76,2.1,0.29,0.33,0.95,0.21,0.19,0.29,0.1,0.14,0.67,0.81,0.57,0.24,0.14,0.05,0.14,0.43,0.29,2.05,-0.67,1.95
Darius Garland,1629636,Cleveland Cavaliers,OVERALL,35.97,6.08,14.25,0.43,2.08,5.92,0.35,1.42,1.75,0.47,0.08,3.5,3.58,5.75,2.25,1.08,0.17,0.67,2.75,2.75,15.67,-6.17,15.5
David Roddy,1631223,Phoenix Suns,OVERALL,1.38,0.0,0.0,0.0,0.0,0.0,0.0,0.0,0.0,0.0,0.0,0.0,0.0,0.0,0.0,0.0,0.0,0.0,0.0,0.5,0.0,2.5,0.0
De'Anthony Melton,1629001,Philadelphia 76ers,OVERALL,7.2,0.0,2.0,0.0,0.0,2.0,0.0,0.0,0.0,0.0,0.0,1.0,1.0,1.0,0.0,0.0,0.0,0.0,1.0,0.0,0.0,-1.0,0.0
DeAndre Jordan,201599,Denver Nuggets,OVERALL,6.52,0.5,1.0,0.5,0.0,0.0,0.0,1.0,1.0,0.5,0.5,1.0,1.5,0.0,0.0,0.5,0.5,0.5,2.0,1.0,2.0,-10.0,4.0
Dean Wade,1629731,Cleveland Cavaliers,OVERALL,21.0,1.33,4.33,0.31,1.0,3.33,0.33,0.0,0.0,0.0,0.33,1.67,2.0,1.67,0.67,0.33,0.67,0.0,1.33,1.0,3.67,-4.33,4.67
Delon Wright,1626153,Miami Heat,OVERALL,26.82,3.0,5.0,0.54,1.5,2.5,0.33,0.5,0.5,0.25,0.5,2.5,3.0,1.75,0.0,1.0,0.25,0.5,1.25,1.5,8.0,-5.25,12.0
Dereck Lively II,1641726,Dallas Mavericks,OVERALL,21.99,3.05,4.52,0.7,0.05,0.05,0.05,1.71,2.9,0.45,2.71,4.71,7.43,1.29,1.0,0.43,0.95,0.57,2.29,2.43,7.86,4.67,14.29
Derrick Jones Jr.,1627884,Dallas Mavericks,OVERALL,29.4,3.5,7.27,0.48,1.09,2.95,0.31,1.0,1.36,0.45,1.5,1.95,3.45,1.23,0.82,0.5,0.95,0.68,2.45,1.36,9.09,1.95,10.27
Derrick White,1628401,Boston Celtics,OVERALL,35.58,5.74,12.68,0.43,3.42,8.47,0.39,1.84,2.0,0.65,1.0,3.26,4.26,4.05,0.84,0.95,1.21,0.21,2.32,2.26,16.74,3.53,19.26
Devin Booker,1626164,Phoenix Suns,OVERALL,41.47,8.0,16.25,0.48,1.75,5.0,0.36,9.75,10.25,0.96,0.25,3.0,3.25,6.0,2.75,1.75,0.25,1.75,4.5,7.25,27.5,-11.5,27.25
Donovan Mitchell,1628378,Cleveland Cavaliers,OVERALL,38.19,10.7,22.5,0.46,2.9,8.2,0.34,5.3,6.5,0.72,0.6,4.8,5.4,4.7,2.8,1.3,0.3,1.1,2.9,5.4,29.6,0.0,25.5
Donte DiVincenzo,1628978,New York Knicks,OVERALL,35.82,6.15,14.69,0.39,3.46,8.15,0.36,2.0,2.31,0.54,1.0,3.0,4.0,2.62,1.23,1.23,0.92,1.15,2.23,2.31,17.77,-4.54,16.46
Doug McDermott,203926,Indiana Pacers,OVERALL,6.4,0.5,1.1,0.35,0.3,0.8,0.2,0.0,0.0,0.0,0.2,0.1,0.3,0.7,0.1,0.0,0.2,0.0,0.5,0.0,1.3,-1.9,1.8
Drew Eubanks,1629234,Phoenix Suns,OVERALL,12.47,2.33,4.0,0.5,0.0,0.0,0.0,1.0,1.0,0.33,0.0,1.33,1.33,0.0,0.67,0.67,0.33,0.33,2.0,1.0,5.67,-4.0,5.67
Duncan Robinson,1629130,Miami Heat,OVERALL,11.92,1.0,3.2,0.22,0.6,2.6,0.12,0.0,0.0,0.0,0.0,1.0,1.0,1.2,1.0,0.4,0.0,0.4,1.2,0.4,2.6,-9.2,2.0
Dwight Powell,203939,Dallas Mavericks,OVERALL,3.42,0.08,0.23,0.08,0.0,0.0,0.0,0.31,0.46,0.15,0.23,0.69,0.92,0.23,0.23,0.08,0.0,0.0,0.69,0.23,0.46,0.0,1.15
Dyson Daniels,1630700,New Orleans Pelicans,OVERALL,5.66,0.67,2.0,0.17,0.0,0.67,0.0,0.0,0.0,0.0,0.0,0.67,0.67,0.0,0.33,0.67,0.0,0.0,0.0,0.0,1.33,-4.33,1.0
E.J. Liddell,1630604,New Orleans Pelicans,OVERALL,2.53,0.0,0.0,0.0,0.0,0.0,0.0,0.0,0.0,0.0,0.0,1.0,1.0,0.0,0.0,0.0,0.0,0.0,0.0,0.0,0.0,2.0,1.0
Eric Gordon,201569,Phoenix Suns,OVERALL,29.38,2.25,7.0,0.28,1.75,4.25,0.42,1.75,2.0,0.46,0.25,1.5,1.75,1.25,1.0,1.25,0.5,0.5,1.25,2.25,8.0,-6.5,6.75
Evan Mobley,1630596,Cleveland Cavaliers,OVERALL,35.17,6.75,12.17,0.53,0.42,1.5,0.19,2.08,3.0,0.7,2.5,6.75,9.25,2.33,1.83,0.83,2.17,1.0,2.83,2.5,16.0,-2.67,22.42
Franz Wagner,1630532,Orlando Magic,OVERALL,37.06,6.0,14.71,0.4,1.29,4.86,0.3,5.57,6.29,0.87,1.43,5.43,6.86,4.43,1.29,0.71,1.29,1.29,2.86,4.86,18.86,4.29,21.43
Gabe Vincent,1629216,Los Angeles Lakers,OVERALL,13.84,0.6,2.4,0.15,0.2,1.4,0.1,0.0,0.0,0.0,0.2,1.4,1.6,0.6,0.6,0.4,0.0,0.0,1.6,0.0,1.4,-1.8,1.6
Gary Harris,203914,Orlando Magic,OVERALL,26.48,1.33,4.67,0.25,1.17,3.67,0.29,0.33,0.33,0.17,0.83,1.17,2.0,0.67,0.33,1.17,0.5,0.33,3.0,0.33,4.17,0.33,4.83
Georges Niang,1627777,Cleveland Cavaliers,OVERALL,12.12,0.9,4.1,0.19,0.3,2.3,0.12,0.7,0.8,0.18,0.3,0.9,1.2,0.4,0.7,0.4,0.2,0.2,1.8,0.7,2.8,-2.4,1.0
Goga Bitadze,1629048,Orlando Magic,OVERALL,4.88,0.0,1.0,0.0,0.0,0.0,0.0,0.0,0.0,0.0,0.5,1.0,1.5,1.0,0.5,0.0,0.0,0.0,0.0,0.0,0.0,-4.0,1.0
Gordon Hayward,202330,Oklahoma City Thunder,OVERALL,6.55,0.0,0.43,0.0,0.0,0.0,0.0,0.0,0.0,0.0,0.14,1.71,1.86,0.43,0.0,0.14,0.14,0.0,0.29,0.0,0.0,2.29,2.14
Grayson Allen,1628960,Phoenix Suns,OVERALL,21.32,0.5,2.5,0.25,0.5,2.5,0.25,2.0,2.0,0.5,1.0,3.0,4.0,1.0,1.5,0.5,0.0,0.0,2.0,1.5,3.5,-1.5,5.5
Haywood Highsmith,1629312,Miami Heat,OVERALL,25.11,2.0,5.6,0.33,0.6,3.2,0.12,0.2,0.2,0.2,0.4,2.4,2.8,1.6,0.8,0.2,0.2,0.2,2.8,0.2,4.8,-12.2,5.2
Herbert Jones,1630529,New Orleans Pelicans,OVERALL,35.15,4.0,10.25,0.4,2.0,6.0,0.33,3.0,3.0,1.0,1.5,3.5,5.0,2.5,2.75,1.25,0.25,0.5,3.75,2.5,13.0,-11.75,13.0
Hunter Tyson,1641816,Denver Nuggets,OVERALL,4.55,0.0,1.33,0.0,0.0,1.0,0.0,0.33,0.67,0.17,0.33,0.67,1.0,0.33,0.33,0.0,0.0,0.0,0.0,0.33,0.33,-2.33,-0.33
Isaac Okoro,1630171,Cleveland Cavaliers,OVERALL,21.88,2.08,5.83,0.34,0.75,2.92,0.26,0.58,0.75,0.29,0.42,1.33,1.75,1.08,0.92,0.92,0.33,0.75,2.5,1.17,5.5,-2.58,4.75
Isaiah Hartenstein,1628392,New York Knicks,OVERALL,29.81,3.46,5.85,0.55,0.08,0.15,0.08,1.46,1.69,0.44,3.77,4.08,7.85,3.54,1.46,0.31,0.92,0.38,3.15,1.38,8.46,-5.46,17.0
Isaiah Jackson,1630543,Indiana Pacers,OVERALL,10.25,1.53,2.87,0.46,0.0,0.0,0.0,0.73,1.2,0.27,1.4,1.8,3.2,0.47,0.27,0.2,0.87,0.27,1.6,1.67,3.8,-0.73,6.47
Isaiah Joe,1630198,Oklahoma City Thunder,OVERALL,17.34,2.4,5.4,0.44,1.6,3.9,0.45,0.0,0.0,0.0,0.4,1.8,2.2,1.0,0.5,0.5,0.0,0.2,1.0,0.8,6.4,1.3,6.6
Isaiah Thomas,202738,Phoenix Suns,OVERALL,3.62,0.0,2.0,0.0,0.0,1.0,0.0,0.0,0.0,0.0,0.0,0.0,0.0,0.0,1.0,0.0,0.0,0.0,0.0,0.0,0.0,-5.0,-3.0
Ivica Zubac,1627826,LA Clippers,OVERALL,31.96,7.0,11.67,0.62,0.0,0.0,0.0,2.17,3.33,0.62,3.0,6.33,9.33,1.0,1.33,0.83,0.5,0.83,3.5,3.83,16.17,-1.33,20.67
Jaden Hardy,1630702,Dallas Mavericks,OVERALL,6.78,1.53,3.58,0.27,0.58,1.42,0.19,0.58,0.79,0.2,0.11,0.68,0.79,0.89,0.37,0.16,0.0,0.21,0.68,0.63,4.21,-1.21,3.42
Jaden McDaniels,1630183,Minnesota Timberwolves,OVERALL,33.56,4.5,8.75,0.48,1.5,3.5,0.32,1.69,2.19,0.43,1.75,2.06,3.81,1.12,1.06,0.88,1.12,0.5,3.38,1.94,12.19,4.19,13.31
Jaden Springer,1630531,Boston Celtics,OVERALL,5.51,0.5,0.75,0.5,0.0,0.0,0.0,0.0,0.0,0.0,0.0,0.75,0.75,0.25,0.5,0.0,0.25,0.0,0.25,0.5,1.0,1.0,1.5
Jae Crowder,203109,Milwaukee Bucks,OVERALL,10.47,0.75,3.0,0.19,0.25,1.75,0.12,0.5,0.5,0.25,0.5,1.0,1.5,0.5,0.0,0.0,0.5,0.0,1.0,0.25,2.25,-6.25,2.5
Jaime Jaquez Jr.,1631170,Miami Heat,OVERALL,30.62,5.25,13.0,0.4,0.75,3.25,0.12,1.5,1.75,0.69,0.5,2.75,3.25,3.0,1.75,0.75,0.5,1.75,1.5,1.75,12.75,-5.75,10.5
Jalen Brunson,1628973,New York Knicks,OVERALL,39.81,11.62,26.15,0.44,2.0,6.46,0.3,7.15,9.23,0.76,0.62,2.69,3.31,7.46,2.69,0.77,0.15,1.23,2.0,8.38,32.38,0.92,24.77
Jalen Pickett,1629618,Denver Nuggets,OVERALL,3.58,0.67,1.0,0.5,0.0,0.33,0.0,0.0,0.0,0.0,0.0,0.33,0.33,0.33,0.0,0.0,0.33,0.0,0.33,0.0,1.33,-0.67,2.0
Jalen Smith,1630188,Indiana Pacers,OVERALL,6.04,0.43,1.14,0.19,0.29,0.57,0.21,0.71,1.14,0.36,1.0,1.0,2.0,0.29,0.57,0.29,0.14,0.29,1.14,1.0,1.86,-5.86,2.86
Jalen Suggs,1630591,Orlando Magic,OVERALL,33.16,4.71,11.71,0.43,2.0,6.86,0.26,3.29,4.29,0.8,1.57,3.57,5.14,3.29,2.86,1.29,0.43,0.57,2.57,3.86,14.71,3.71,14.0
Jalen Williams,1631114,Oklahoma City Thunder,OVERALL,37.71,7.5,16.0,0.47,1.5,3.9,0.36,2.2,2.7,0.56,1.3,5.5,6.8,5.4,1.9,1.7,0.5,1.3,2.1,3.5,18.7,6.6,22.2
Jamal Murray,1627750,Denver Nuggets,OVERALL,38.48,8.33,20.75,0.4,1.92,6.08,0.25,2.0,2.17,0.64,0.75,3.58,4.33,5.58,2.58,0.83,0.5,1.33,2.33,3.33,20.58,-2.67,16.67
James Harden,201935,LA Clippers,OVERALL,40.25,6.67,14.83,0.44,3.0,7.83,0.39,4.83,5.33,0.9,0.5,4.0,4.5,8.0,2.33,1.0,1.0,0.83,2.17,5.17,21.17,-8.0,24.67
James Johnson,201949,Indiana Pacers,OVERALL,1.0,0.0,0.0,0.0,0.0,0.0,0.0,1.0,2.0,0.5,0.0,0.0,0.0,0.0,1.0,0.0,0.0,0.0,0.0,1.0,1.0,1.0,-1.0
Jarace Walker,1641716,Indiana Pacers,OVERALL,3.42,0.33,1.11,0.09,0.0,0.33,0.0,0.22,0.33,0.17,0.11,0.33,0.44,0.44,0.67,0.22,0.11,0.0,0.22,0.22,0.89,-2.0,0.56
Jarrett Allen,1628386,Cleveland Cavaliers,OVERALL,31.74,6.25,9.25,0.69,0.0,0.0,0.0,4.5,6.5,0.72,3.75,10.0,13.75,1.25,1.25,1.25,1.0,0.75,2.0,6.25,17.0,-2.0,28.0
Jaxson Hayes,1629637,Los Angeles Lakers,OVERALL,5.96,0.0,0.5,0.0,0.0,0.0,0.0,0.25,0.5,0.12,0.75,2.25,3.0,0.25,0.5,0.0,0.0,0.0,1.75,0.5,0.25,1.75,2.25
Jaylen Brown,1627759,Boston Celtics,OVERALL,37.2,9.21,17.84,0.51,1.89,5.79,0.34,3.58,5.42,0.62,1.16,4.79,5.95,3.26,2.68,1.21,0.63,0.84,2.68,4.95,23.89,4.63,21.79
Jaylin Williams,1631119,Oklahoma City Thunder,OVERALL,12.72,1.6,3.3,0.44,0.9,2.2,0.41,0.3,0.4,0.15,0.4,2.8,3.2,1.5,0.3,0.4,0.3,0.2,1.1,0.7,4.4,-2.9,7.7
Jayson Tatum,1628369,Boston Celtics,OVERALL,40.44,8.37,19.58,0.42,2.05,7.26,0.28,6.21,7.21,0.88,0.89,8.79,9.68,6.26,2.63,1.05,0.68,0.79,2.84,5.42,25.0,7.74,27.84
Jeremiah Robinson-Earl,1630526,New Orleans Pelicans,OVERALL,5.28,1.0,2.0,0.5,0.0,0.0,0.0,0.0,2.0,0.0,1.0,0.0,1.0,1.0,0.0,0.0,0.0,1.0,0.0,1.0,2.0,-1.0,1.0
Jericho Sims,1630579,New York Knicks,OVERALL,5.47,0.4,0.4,0.4,0.0,0.0,0.0,0.6,0.8,0.3,0.6,1.0,1.6,0.2,0.0,0.4,0.2,0.0,0.2,0.6,1.4,1.6,3.6
Jett Howard,1641724,Orlando Magic,OVERALL,4.88,1.0,1.5,0.5,0.5,0.5,0.5,0.0,0.0,0.0,0.0,0.5,0.5,0.5,1.0,0.0,0.0,0.0,0.5,0.0,2.5,-4.0,2.0
Joe Ingles,204060,Orlando Magic,OVERALL,9.65,0.57,1.71,0.27,0.29,1.0,0.1,0.14,0.29,0.07,0.29,1.57,1.86,1.71,0.0,0.43,0.0,0.0,0.43,0.57,1.57,2.14,4.29
Joel Embiid,203954,Philadelphia 76ers,OVERALL,41.38,9.83,22.17,0.45,2.17,6.5,0.33,11.17,13.0,0.84,3.17,7.67,10.83,5.67,4.17,1.17,1.5,2.5,3.33,9.0,33.0,7.67,33.83
Jonas Valanciunas,202685,New Orleans Pelicans,OVERALL,22.37,5.5,10.5,0.57,0.0,0.25,0.0,3.5,4.25,0.78,4.5,6.5,11.0,1.25,2.5,0.5,0.0,0.5,2.25,3.5,14.5,-8.0,19.0
Jonathan Isaac,1628371,Orlando Magic,OVERALL,21.04,2.29,5.57,0.42,1.43,3.86,0.31,0.29,0.29,0.14,1.43,3.43,4.86,0.43,0.57,0.71,1.29,0.29,1.0,0.71,6.29,0.86,9.71
Jordan Hawkins,1641722,New Orleans Pelicans,OVERALL,3.84,0.0,1.33,0.0,0.0,1.0,0.0,0.0,0.0,0.0,0.0,0.67,0.67,0.0,0.0,0.0,0.0,0.0,0.33,0.33,0.0,0.33,-0.67
Jordan McLaughlin,1629162,Minnesota Timberwolves,OVERALL,4.98,0.33,1.5,0.33,0.0,0.83,0.0,0.0,0.33,0.0,0.0,0.67,0.67,0.33,0.33,0.0,0.0,0.0,0.17,0.33,0.67,2.83,-0.17
Jordan Walsh,1641775,Boston Celtics,OVERALL,3.77,0.33,1.0,0.33,0.0,0.33,0.0,0.0,0.0,0.0,0.0,0.67,0.67,0.0,0.0,0.0,0.0,0.0,0.0,0.0,0.67,2.0,0.67
Jose Alvarado,1630631,New Orleans Pelicans,OVERALL,15.41,0.75,5.0,0.13,0.25,3.5,0.06,0.0,0.0,0.0,0.0,1.0,1.0,2.25,1.0,1.25,0.25,0.25,0.75,0.5,1.75,-5.25,1.25
Josh Giddey,1630581,Oklahoma City Thunder,OVERALL,18.12,3.4,7.5,0.42,1.2,3.4,0.25,0.7,0.8,0.25,0.7,2.9,3.6,2.1,1.2,0.2,0.4,0.5,0.9,0.7,8.7,3.9,9.6
Josh Green,1630182,Dallas Mavericks,OVERALL,18.12,1.64,3.86,0.39,1.05,2.68,0.4,0.64,0.86,0.27,0.95,1.59,2.55,1.05,0.32,0.77,0.14,0.18,1.32,0.82,4.95,0.14,6.68
Josh Hart,1628404,New York Knicks,OVERALL,42.14,5.08,11.54,0.41,1.69,4.54,0.4,2.69,3.69,0.6,2.85,8.69,11.54,4.54,2.62,1.0,0.77,1.08,3.15,3.08,14.54,-3.46,22.31
Josh Minott,1631169,Minnesota Timberwolves,OVERALL,3.62,0.4,1.8,0.27,0.4,1.0,0.3,0.0,0.0,0.0,0.2,0.8,1.0,0.6,0.0,0.0,0.0,0.4,0.4,0.2,1.2,2.4,1.4
Josh Okogie,1629006,Phoenix Suns,OVERALL,7.32,1.25,2.25,0.42,0.25,0.75,0.12,0.75,1.5,0.19,0.0,1.0,1.0,0.5,0.5,0.5,0.0,0.0,1.75,1.0,3.5,1.25,3.25
Jrue Holiday,201950,Boston Celtics,OVERALL,37.9,5.11,10.16,0.49,1.84,4.58,0.39,1.11,1.16,0.45,1.95,4.16,6.11,4.37,1.53,1.11,0.63,0.05,2.11,1.42,13.16,7.53,18.74
Julian Strawther,1631124,Denver Nuggets,OVERALL,5.25,0.67,2.0,0.28,0.33,1.33,0.17,0.67,1.33,0.33,0.0,0.67,0.67,0.0,0.33,0.33,0.0,0.0,1.0,0.67,2.33,-4.0,1.0
Justin Holiday,203200,Denver Nuggets,OVERALL,12.46,0.92,2.92,0.19,0.92,2.42,0.24,0.17,0.33,0.08,0.08,1.58,1.67,0.33,0.25,0.5,0.0,0.17,1.33,0.5,2.92,2.0,3.0
Jusuf Nurkic,203994,Phoenix Suns,OVERALL,25.94,3.25,6.5,0.49,0.0,0.5,0.0,1.25,2.75,0.4,3.25,5.0,8.25,2.75,1.5,1.5,1.5,0.0,3.75,3.0,7.75,-10.0,15.5
Karl-Anthony Towns,1626157,Minnesota Timberwolves,OVERALL,32.61,6.75,14.5,0.48,1.88,5.19,0.38,3.69,4.31,0.83,2.19,6.81,9.0,2.62,1.69,0.75,0.19,1.31,3.44,3.75,19.06,1.12,21.56
Kawhi Leonard,202695,LA Clippers,OVERALL,29.73,5.5,12.0,0.49,0.0,2.5,0.0,1.0,1.5,0.75,1.5,6.5,8.0,2.0,2.0,2.0,0.5,0.0,1.5,1.5,12.0,-6.0,15.5
Kelly Oubre Jr.,1626162,Philadelphia 76ers,OVERALL,37.28,5.17,10.67,0.48,1.5,3.83,0.31,1.33,1.83,0.49,1.5,2.5,4.0,1.67,1.33,1.83,1.17,1.33,4.0,2.17,13.17,3.83,14.5
Kendall Brown,1631112,Indiana Pacers,OVERALL,3.51,0.29,0.86,0.19,0.0,0.0,0.0,0.0,0.0,0.0,0.0,0.43,0.43,0.29,0.43,0.0,0.14,0.14,0.29,0.0,0.57,-2.86,0.43
Kenrich Williams,1629026,Oklahoma City Thunder,OVERALL,4.5,0.29,1.14,0.19,0.0,0.71,0.0,0.0,0.0,0.0,0.14,1.0,1.14,0.43,0.0,0.14,0.0,0.0,0.43,0.0,0.57,-0.86,1.43
Kentavious Caldwell-Pope,203484,Denver Nuggets,OVERALL,35.03,2.83,7.17,0.4,1.5,4.58,0.3,0.92,0.92,0.25,0.42,2.5,2.92,2.58,0.83,1.42,0.42,0.17,3.08,1.17,8.08,-0.25,10.25
Kevin Durant,201142,Phoenix Suns,OVERALL,42.05,9.25,16.75,0.55,1.25,3.0,0.47,7.0,8.5,0.83,0.25,6.25,6.5,3.25,2.5,0.5,1.5,0.0,2.0,6.75,26.75,-17.75,27.0
Kevin Love,201567,Miami Heat,OVERALL,6.42,0.8,1.8,0.25,0.2,0.8,0.1,0.0,0.0,0.0,0.2,2.6,2.8,0.8,0.4,0.0,0.0,0.2,0.4,0.4,1.8,-6.8,4.0
Khris Middleton,203114,Milwaukee Bucks,OVERALL,38.3,9.17,19.0,0.48,1.83,5.17,0.31,4.5,5.0,0.94,2.0,7.17,9.17,4.67,2.33,0.5,0.17,1.0,4.17,5.0,24.67,0.83,26.5
Kobe Brown,1641738,LA Clippers,OVERALL,3.22,0.0,0.0,0.0,0.0,0.0,0.0,0.0,0.0,0.0,0.33,0.33,0.67,0.0,0.0,0.0,0.0,0.0,0.33,0.0,0.0,1.0,0.67
Kristaps Porzingis,204001,Boston Celtics,OVERALL,23.55,4.0,8.57,0.44,1.43,4.14,0.28,2.86,3.14,0.76,0.57,3.86,4.43,1.14,0.71,0.71,1.57,0.14,2.14,3.86,12.29,5.57,14.57
Kyle Anderson,203937,Minnesota Timberwolves,OVERALL,15.43,1.73,3.8,0.44,0.13,0.53,0.04,0.67,0.8,0.22,1.2,1.47,2.67,2.53,0.67,0.67,0.33,0.27,1.73,0.73,4.27,-2.4,7.6
Kyle Lowry,200768,Philadelphia 76ers,OVERALL,29.24,1.83,5.33,0.28,1.33,4.0,0.26,2.0,2.5,0.55,1.0,2.5,3.5,4.0,0.67,1.0,0.67,0.17,3.83,2.17,7.0,2.83,11.5
Kyrie Irving,202681,Dallas Mavericks,OVERALL,39.97,8.45,18.09,0.46,2.41,6.18,0.36,2.82,3.32,0.67,1.0,2.68,3.68,5.14,2.32,1.05,0.32,1.32,2.82,2.68,22.14,5.14,19.86
Larry Nance Jr.,1626204,New Orleans Pelicans,OVERALL,21.05,2.5,4.25,0.67,0.25,1.0,0.12,1.0,1.5,0.42,3.75,4.5,8.25,1.75,1.75,0.5,0.0,0.5,2.25,2.0,6.25,-4.5,12.75
LeBron James,2544,Los Angeles Lakers,OVERALL,40.77,11.2,19.8,0.57,2.0,5.2,0.34,3.4,4.6,0.75,0.8,6.0,6.8,8.8,3.8,2.4,1.0,1.4,2.2,4.6,27.8,-2.2,33.2
Leonard Miller,1631159,Minnesota Timberwolves,OVERALL,2.25,0.0,0.33,0.0,0.0,0.33,0.0,0.0,0.0,0.0,0.33,1.0,1.33,0.0,0.0,0.0,0.0,0.0,0.0,0.0,0.0,2.33,1.0
Lindy Waters III,1630322,Oklahoma City Thunder,OVERALL,2.84,0.0,0.33,0.0,0.0,0.33,0.0,0.0,0.0,0.0,0.0,0.33,0.33,0.0,0.0,0.0,0.0,0.0,0.0,0.0,0.0,-1.33,0.0
Luguentz Dort,1629652,Oklahoma City Thunder,OVERALL,34.98,3.3,9.1,0.37,2.5,6.4,0.41,1.6,1.9,0.48,1.9,2.7,4.6,2.0,1.1,1.3,0.2,0.7,4.2,3.1,10.7,3.5,11.6
Luka Doncic,1629029,Dallas Mavericks,OVERALL,40.88,10.23,22.91,0.45,3.09,9.59,0.32,5.32,6.95,0.77,0.73,8.73,9.45,8.09,4.09,1.86,0.36,0.55,2.55,6.45,28.86,4.41,30.23
Luka Garza,1630568,Minnesota Timberwolves,OVERALL,3.68,1.43,1.71,0.6,0.29,0.43,0.21,1.0,1.14,0.25,0.29,0.57,0.86,0.14,0.0,0.0,0.0,0.14,0.0,0.57,4.14,3.29,4.71
Luke Kornet,1628436,Boston Celtics,OVERALL,10.25,1.08,1.62,0.48,0.0,0.0,0.0,0.85,1.0,0.4,1.46,1.69,3.15,0.54,0.46,0.08,0.38,0.15,0.85,0.69,3.0,-1.31,6.0
Malik Beasley,1627736,Milwaukee Bucks,OVERALL,21.85,3.5,6.83,0.41,1.83,4.17,0.28,0.0,0.0,0.0,0.17,2.33,2.5,0.67,0.5,0.67,0.0,0.5,1.5,0.0,8.83,-6.33,8.83
Mamadi Diakite,1629603,New York Knicks,OVERALL,3.72,0.0,0.75,0.0,0.0,0.5,0.0,0.5,0.5,0.25,0.0,0.75,0.75,0.25,0.25,0.25,0.25,0.25,0.75,0.25,0.5,3.25,1.0
MarJon Beauchamp,1630699,Milwaukee Bucks,OVERALL,2.44,0.25,1.0,0.12,0.0,0.5,0.0,0.25,0.5,0.12,0.0,0.25,0.25,0.5,0.25,0.0,0.0,0.25,0.25,0.25,0.75,0.75,0.25
Marcus Morris Sr.,202694,Cleveland Cavaliers,OVERALL,15.3,2.44,5.33,0.34,1.0,2.56,0.22,0.22,0.33,0.11,0.22,2.56,2.78,0.33,0.33,0.44,0.0,0.22,0.89,0.44,6.11,-4.33,6.33
Markelle Fultz,1628365,Orlando Magic,OVERALL,15.08,2.86,4.86,0.5,0.0,0.14,0.0,0.71,1.29,0.25,1.0,1.0,2.0,1.14,1.14,0.43,0.0,0.29,1.71,0.86,6.43,4.57,6.29
Markieff Morris,202693,Dallas Mavericks,OVERALL,12.0,1.0,5.0,0.2,1.0,3.0,0.33,0.0,0.0,0.0,0.0,4.0,4.0,0.0,1.0,0.0,0.0,0.0,1.0,0.0,3.0,6.0,2.0
Mason Plumlee,203486,LA Clippers,OVERALL,11.02,1.17,3.0,0.4,0.0,0.0,0.0,0.83,1.33,0.29,1.17,2.17,3.33,0.67,0.33,0.5,0.33,1.0,2.17,1.0,3.17,-1.67,5.33
Matt Ryan,1630346,New Orleans Pelicans,OVERALL,2.53,0.0,1.0,0.0,0.0,1.0,0.0,0.0,0.0,0.0,0.0,1.0,1.0,0.0,1.0,1.0,0.0,0.0,0.0,0.0,0.0,2.0,0.0
Max Strus,1629622,Cleveland Cavaliers,OVERALL,36.12,3.5,8.58,0.41,2.08,6.0,0.32,0.42,0.42,0.17,0.67,4.67,5.33,2.92,1.25,0.75,0.0,0.42,3.42,1.83,9.5,-2.67,12.17
Maxi Kleber,1628467,Dallas Mavericks,OVERALL,16.83,1.23,3.0,0.48,0.92,2.15,0.4,0.31,0.46,0.15,0.31,1.62,1.92,1.0,0.38,0.23,0.31,0.23,1.54,0.77,3.69,1.0,4.85
Michael Porter Jr.,1629008,Denver Nuggets,OVERALL,36.88,5.67,12.17,0.46,2.75,6.75,0.38,1.67,2.17,0.41,0.67,6.17,6.83,1.08,1.5,0.92,0.83,0.58,2.25,1.58,15.75,-0.75,16.92
Mike Conley,201144,Minnesota Timberwolves,OVERALL,31.58,4.13,9.67,0.42,2.0,5.07,0.36,1.33,1.87,0.53,0.67,3.2,3.87,5.73,1.33,1.4,0.2,0.67,2.53,2.13,11.6,3.87,15.4
Miles McBride,1630540,New York Knicks,OVERALL,26.72,4.15,9.54,0.4,1.92,5.23,0.32,0.77,0.92,0.4,0.54,1.69,2.23,1.92,0.85,0.54,0.15,0.54,2.31,0.77,11.0,-2.85,9.46
Mitchell Robinson,1629011,New York Knicks,OVERALL,19.11,1.17,2.33,0.46,0.0,0.0,0.0,0.5,1.33,0.25,3.83,3.0,6.83,0.5,0.5,1.0,1.17,0.17,2.5,1.33,2.83,5.0,9.83
Monte Morris,1628420,Minnesota Timberwolves,OVERALL,7.41,1.0,3.33,0.23,0.11,1.56,0.04,0.22,0.22,0.11,0.11,0.56,0.67,1.0,0.0,0.22,0.11,0.0,0.67,0.33,2.33,0.22,2.0
Moritz Wagner,1629021,Orlando Magic,OVERALL,15.02,2.29,5.14,0.44,0.29,1.29,0.21,1.43,2.43,0.34,1.57,2.86,4.43,0.29,1.14,0.86,0.43,0.71,3.0,2.43,6.29,4.86,7.29
Myles Turner,1626167,Indiana Pacers,OVERALL,32.36,6.24,12.06,0.52,2.29,5.06,0.42,2.24,2.94,0.59,1.53,5.12,6.65,2.12,1.94,0.47,1.47,0.47,2.59,2.41,17.0,3.24,19.24
Naji Marshall,1630230,New Orleans Pelicans,OVERALL,21.02,3.0,7.0,0.42,1.5,3.75,0.33,1.5,1.5,0.5,0.75,2.0,2.75,1.25,0.5,0.5,0.5,0.25,2.25,1.0,9.0,-7.75,9.5
Nassir Little,1629642,Phoenix Suns,OVERALL,3.4,0.75,1.25,0.42,0.25,0.75,0.12,0.0,0.0,0.0,0.0,0.25,0.25,0.0,0.0,0.0,0.0,0.0,0.5,0.25,1.75,-1.5,1.5
Naz Reid,1629675,Minnesota Timberwolves,OVERALL,22.54,4.06,8.88,0.46,1.56,4.31,0.3,1.38,1.94,0.55,0.56,3.12,3.69,1.0,0.88,0.5,0.75,0.25,2.0,1.75,11.06,-1.44,10.75
Neemias Queta,1629674,Boston Celtics,OVERALL,4.45,0.67,1.0,0.67,0.0,0.0,0.0,0.0,0.0,0.0,0.33,0.67,1.0,0.0,0.0,0.0,0.33,0.0,0.0,0.33,1.33,3.67,2.33
Nickeil Alexander-Walker,1629638,Minnesota Timberwolves,OVERALL,23.59,2.56,7.0,0.34,1.5,5.06,0.23,0.62,0.62,0.31,0.31,1.44,1.75,2.31,0.94,0.62,0.44,0.38,1.5,0.88,7.25,0.5,7.0
Nicolas Batum,201587,Philadelphia 76ers,OVERALL,28.25,2.0,4.83,0.37,1.5,3.67,0.36,0.83,1.33,0.29,1.5,4.33,5.83,1.33,0.83,0.17,0.83,0.33,2.17,0.83,6.33,-3.0,10.33
Nikola Jokic,203999,Denver Nuggets,OVERALL,40.17,11.08,20.33,0.55,1.17,4.42,0.25,5.33,5.92,0.79,3.58,9.83,13.42,8.67,3.33,1.42,0.67,1.42,2.67,6.67,28.67,0.92,39.67
Nikola Jovic,1631107,Miami Heat,OVERALL,25.65,3.2,7.2,0.45,1.8,4.4,0.39,1.2,1.4,0.53,0.4,6.2,6.6,2.2,1.2,1.0,0.6,0.2,1.8,1.6,9.4,-11.4,14.4
Norman Powell,1626181,LA Clippers,OVERALL,29.79,4.33,10.17,0.42,2.17,4.83,0.46,2.0,2.5,0.42,0.5,2.33,2.83,0.33,1.17,0.5,0.0,0.33,3.33,2.0,12.83,-3.67,9.0
OG Anunoby,1628384,New York Knicks,OVERALL,36.04,6.22,12.33,0.55,1.78,4.33,0.43,0.89,1.44,0.28,0.78,5.22,6.0,1.11,1.11,0.89,1.0,0.78,1.67,1.56,15.11,0.33,16.33
Obi Toppin,1630167,Indiana Pacers,OVERALL,20.16,4.29,7.94,0.52,1.18,3.29,0.33,1.12,1.47,0.37,0.59,3.82,4.41,1.71,0.82,0.35,0.35,0.29,1.24,1.12,10.88,-0.59,12.88
Olivier-Maxence Prosper,1641765,Dallas Mavericks,OVERALL,2.98,0.0,0.67,0.0,0.0,0.0,0.0,0.0,0.0,0.0,0.0,1.0,1.0,0.33,0.0,0.0,0.0,0.33,0.0,0.33,0.0,-2.0,0.67
Orlando Robinson,1631115,Miami Heat,OVERALL,2.48,0.0,1.0,0.0,0.0,1.0,0.0,0.0,0.0,0.0,0.0,1.0,1.0,1.0,0.0,0.0,0.0,0.0,0.0,0.0,0.0,3.0,1.0
Oshae Brissett,1629052,Boston Celtics,OVERALL,5.51,0.6,1.1,0.25,0.2,0.2,0.2,0.2,0.4,0.1,0.3,1.1,1.4,0.0,0.1,0.3,0.2,0.0,0.2,0.3,1.6,1.0,2.7
Ousmane Dieng,1631172,Oklahoma City Thunder,OVERALL,1.82,0.25,0.5,0.25,0.0,0.25,0.0,0.0,0.0,0.0,0.0,0.0,0.0,0.0,0.0,0.0,0.0,0.25,0.0,0.0,0.5,0.0,0.25
P.J. Tucker,200782,LA Clippers,OVERALL,15.31,2.0,3.0,0.8,1.5,2.0,0.83,0.0,0.0,0.0,1.5,0.0,1.5,0.0,1.5,0.0,0.0,0.0,3.0,0.5,5.5,-12.0,4.5
P.J. Washington,1629023,Dallas Mavericks,OVERALL,35.66,4.55,10.64,0.42,2.14,6.14,0.33,1.77,2.5,0.51,1.5,5.09,6.59,1.41,1.45,0.73,0.77,0.55,3.05,1.91,13.0,2.18,14.23
Paolo Banchero,1631094,Orlando Magic,OVERALL,37.46,9.71,21.29,0.45,2.29,5.71,0.35,5.29,7.0,0.77,2.0,6.57,8.57,4.0,4.57,1.14,0.57,1.57,2.0,4.86,27.0,2.86,23.43
Pascal Siakam,1627783,Indiana Pacers,OVERALL,35.44,9.24,17.06,0.54,0.82,2.76,0.31,2.29,3.71,0.46,2.47,5.06,7.53,3.76,1.12,0.76,0.41,0.88,2.82,3.53,21.59,2.24,23.71
Pat Connaughton,1626192,Milwaukee Bucks,OVERALL,20.72,1.83,4.17,0.39,0.5,1.83,0.22,0.33,0.33,0.33,0.5,3.33,3.83,2.17,0.5,1.0,0.17,0.5,1.0,0.83,4.5,0.0,8.83
Patrick Beverley,201976,Milwaukee Bucks,OVERALL,34.93,2.67,6.5,0.42,0.67,1.83,0.5,2.17,2.5,0.6,0.67,2.67,3.33,5.5,1.0,1.0,0.67,0.33,2.67,2.5,8.17,-0.17,13.5
Patty Mills,201988,Miami Heat,OVERALL,17.17,2.0,5.67,0.35,1.0,3.67,0.22,1.0,1.33,0.56,0.33,0.0,0.33,1.0,0.33,0.33,0.0,0.33,0.67,2.33,6.0,-3.0,3.33
Paul George,202331,LA Clippers,OVERALL,37.07,6.5,15.83,0.4,3.0,8.17,0.36,3.5,4.17,0.73,0.5,6.33,6.83,4.83,2.33,1.17,0.5,1.33,3.67,4.17,19.5,-4.5,20.5
Paul Reed,1630194,Philadelphia 76ers,OVERALL,7.18,0.67,1.5,0.44,0.0,0.0,0.0,0.17,0.33,0.08,1.5,1.17,2.67,0.33,0.5,0.17,0.5,0.5,1.17,0.33,1.5,-7.33,3.67
Payton Pritchard,1630202,Boston Celtics,OVERALL,18.69,2.32,5.53,0.42,1.21,3.16,0.39,0.58,0.63,0.25,0.74,1.21,1.95,2.11,0.74,0.21,0.0,0.0,1.16,0.53,6.42,1.47,6.68
Peyton Watson,1631212,Denver Nuggets,OVERALL,9.01,0.6,2.4,0.21,0.3,1.2,0.15,0.3,0.6,0.15,0.2,1.3,1.5,0.4,0.3,0.0,0.6,0.1,0.9,0.5,1.8,-3.4,1.9
Precious Achiuwa,1630173,New York Knicks,OVERALL,20.49,2.33,4.78,0.48,0.0,0.33,0.0,0.56,1.44,0.21,2.44,1.78,4.22,0.56,0.44,0.44,1.33,0.89,2.22,1.44,5.22,-2.67,8.0
Reggie Jackson,202704,Denver Nuggets,OVERALL,9.78,1.33,4.0,0.34,0.67,1.92,0.28,0.17,0.17,0.08,0.17,1.08,1.25,1.0,0.67,0.17,0.08,0.17,1.0,0.58,3.5,0.17,2.67
Royce O'Neale,1626220,Phoenix Suns,OVERALL,26.12,1.75,5.5,0.2,1.5,4.5,0.21,0.0,0.0,0.0,1.25,3.5,4.75,1.0,0.5,0.25,0.0,0.0,2.75,0.5,5.0,-11.5,6.75
Rudy Gobert,203497,Minnesota Timberwolves,OVERALL,34.16,4.27,6.93,0.64,0.0,0.0,0.0,3.53,5.27,0.56,2.67,7.13,9.8,1.6,1.53,0.93,1.0,0.87,3.67,4.53,12.07,6.33,19.47
Rui Hachimura,1629060,Los Angeles Lakers,OVERALL,30.5,3.0,7.6,0.41,1.0,2.8,0.35,0.8,1.6,0.4,1.2,2.6,3.8,0.8,0.4,0.0,0.0,0.0,1.6,1.2,7.8,-4.8,6.6
Russell Westbrook,201566,LA Clippers,OVERALL,19.01,2.17,8.33,0.26,0.67,2.83,0.22,1.33,2.17,0.61,1.0,3.17,4.17,1.67,1.67,1.17,0.5,0.83,1.83,1.67,6.33,0.17,5.17
Sam Hauser,1630573,Boston Celtics,OVERALL,14.89,1.89,4.42,0.38,1.42,3.74,0.31,0.21,0.21,0.11,0.42,1.74,2.16,0.58,0.16,0.26,0.16,0.05,1.05,0.16,5.42,4.53,5.89
Sam Merrill,1630241,Cleveland Cavaliers,OVERALL,12.48,1.0,2.9,0.26,1.0,2.7,0.26,0.3,0.3,0.2,0.2,1.0,1.2,0.9,0.0,0.0,0.0,0.2,0.9,0.4,3.3,-1.1,3.5
Shai Gilgeous-Alexander,1628983,Oklahoma City Thunder,OVERALL,39.86,11.1,22.4,0.49,1.6,3.7,0.38,6.4,8.1,0.82,0.8,6.4,7.2,6.4,2.2,1.3,1.7,1.6,3.1,6.2,30.2,5.6,31.6
Shake Milton,1629003,New York Knicks,OVERALL,5.52,0.0,1.5,0.0,0.0,0.5,0.0,1.25,1.5,0.44,0.0,0.25,0.25,0.5,0.0,0.25,0.0,0.25,0.0,0.75,1.25,2.75,0.5
Spencer Dinwiddie,203915,Los Angeles Lakers,OVERALL,14.6,1.0,2.8,0.18,0.4,1.6,0.1,0.6,1.2,0.3,0.2,1.2,1.4,1.6,0.2,0.4,0.2,0.0,1.4,0.6,3.0,-3.8,4.0
Svi Mykhailiuk,1629004,Boston Celtics,OVERALL,3.96,0.38,1.5,0.27,0.25,1.12,0.15,0.0,0.0,0.0,0.12,0.5,0.62,0.12,0.25,0.12,0.0,0.0,0.38,0.12,1.0,-1.12,0.5
T.J. McConnell,204456,Indiana Pacers,OVERALL,20.49,5.29,10.88,0.48,0.41,1.53,0.22,0.76,0.88,0.41,0.65,2.41,3.06,5.06,1.24,0.88,0.12,0.59,1.53,1.76,11.76,-0.29,13.94
T.J. Warren,203933,Minnesota Timberwolves,OVERALL,3.75,0.0,0.67,0.0,0.0,0.33,0.0,0.0,0.0,0.0,0.67,0.33,1.0,0.33,0.0,0.0,0.0,0.0,0.0,0.0,0.0,2.33,0.67
Taurean Prince,1627752,Los Angeles Lakers,OVERALL,22.18,2.4,5.8,0.42,1.0,3.4,0.3,1.6,1.6,0.6,0.2,2.2,2.4,0.6,0.2,0.2,0.4,0.2,1.8,1.2,7.4,-0.6,7.4
Terance Mann,1629611,LA Clippers,OVERALL,31.24,3.17,7.67,0.36,1.67,3.67,0.43,1.33,1.33,0.67,2.83,2.17,5.0,1.83,0.83,0.0,0.0,0.83,3.17,1.0,9.33,-4.17,10.83
Thaddeus Young,201152,Phoenix Suns,OVERALL,3.62,0.0,0.0,0.0,0.0,0.0,0.0,0.0,0.0,0.0,0.0,0.0,0.0,0.0,0.0,0.0,0.0,0.0,0.0,0.0,0.0,-5.0,0.0
Thanasis Antetokounmpo,203648,Milwaukee Bucks,OVERALL,2.35,0.0,0.0,0.0,0.0,0.0,0.0,0.0,0.0,0.0,0.0,0.0,0.0,0.0,0.0,0.5,0.5,0.0,0.5,0.0,0.0,1.0,1.0
Thomas Bryant,1628418,Miami Heat,OVERALL,8.88,2.5,3.5,0.83,0.0,1.0,0.0,1.0,1.5,0.33,1.0,1.5,2.5,0.5,1.0,0.0,0.0,0.0,0.5,1.0,6.0,-2.0,6.5
Tim Hardaway Jr.,203501,Dallas Mavericks,OVERALL,12.69,1.57,4.14,0.26,0.93,2.64,0.21,0.29,0.57,0.09,0.14,1.64,1.79,0.36,0.14,0.36,0.07,0.21,0.71,0.5,4.36,-2.5,3.93
Tobias Harris,202699,Philadelphia 76ers,OVERALL,36.38,3.67,8.5,0.37,1.0,3.0,0.19,0.67,0.67,0.33,1.5,5.67,7.17,1.5,0.5,0.17,0.5,0.33,1.83,0.33,9.0,-1.5,13.0
Trey Murphy III,1630530,New Orleans Pelicans,OVERALL,42.01,4.5,12.0,0.36,2.5,7.5,0.32,0.0,0.0,0.0,0.75,5.75,6.5,2.25,2.0,1.25,1.5,0.75,3.0,1.25,11.5,-15.0,13.5
Tristan Thompson,202684,Cleveland Cavaliers,OVERALL,8.71,0.7,1.6,0.27,0.0,0.0,0.0,0.1,0.2,0.05,1.0,1.0,2.0,1.0,0.2,0.1,0.5,0.2,0.9,0.4,1.5,-3.2,3.9
Tyler Herro,1629639,Miami Heat,OVERALL,36.96,6.0,15.6,0.39,3.0,8.6,0.33,1.8,2.0,0.7,0.0,3.6,3.6,5.4,2.8,0.4,0.0,1.0,2.0,3.0,16.8,-8.6,13.6
Tyrese Haliburton,1630169,Indiana Pacers,OVERALL,34.79,7.0,14.33,0.48,3.53,9.33,0.37,1.13,1.33,0.49,0.8,4.0,4.8,8.2,2.07,1.27,0.67,0.33,0.93,1.8,18.67,3.93,24.0
Tyrese Maxey,1630178,Philadelphia 76ers,OVERALL,44.58,11.0,23.0,0.47,3.67,9.17,0.37,4.17,4.67,0.94,0.17,5.0,5.17,6.83,2.17,0.83,0.33,1.67,2.67,4.0,29.83,-1.33,28.33
Wendell Carter Jr.,1628976,Orlando Magic,OVERALL,26.43,2.71,6.71,0.39,1.0,3.57,0.28,1.14,1.57,0.54,1.29,5.0,6.29,1.29,0.71,0.71,0.57,0.43,2.86,2.14,7.57,3.14,11.29
Wendell Moore Jr.,1631111,Minnesota Timberwolves,OVERALL,3.08,0.5,1.17,0.28,0.17,0.67,0.08,0.0,0.0,0.0,0.0,0.33,0.33,0.33,0.17,0.17,0.0,0.0,0.5,0.0,1.17,1.5,1.17
Xavier Tillman,1630214,Boston Celtics,OVERALL,8.64,0.62,1.0,0.56,0.12,0.12,0.12,0.12,0.12,0.12,0.5,1.25,1.75,0.38,0.38,0.38,0.38,0.25,0.88,0.62,1.5,2.75,3.62
Zeke Nnaji,1630192,Denver Nuggets,OVERALL,4.66,0.67,1.0,0.67,0.0,0.0,0.0,0.33,0.67,0.17,0.67,0.0,0.67,0.0,0.67,0.0,0.33,0.0,0.33,0.67,1.67,-1.67,1.33
