PLAYER_ID,DISPLAY_FIRST_LAST,TEAM_ID,TEAM_ABBREVIATION,HEADSHOT_URL
1630173,Precious Achiuwa,1610612752,NYK,https://cdn.nba.com/headshots/nba/latest/1040x760/1630173.png
1628389,Bam Adebayo,1610612748,MIA,https://cdn.nba.com/headshots/nba/latest/1040x760/1628389.png
1630534,Ochai Agbaji,1610612761,TOR,https://cdn.nba.com/headshots/nba/latest/1040x760/1630534.png
1630583,Santi Aldama,1610612763,MEM,https://cdn.nba.com/headshots/nba/latest/1040x760/1630583.png
1629638,Nickeil Alexander-Walker,1610612750,MIN,https://cdn.nba.com/headshots/nba/latest/1040x760/1629638.png
1628960,Grayson Allen,1610612756,PHX,https://cdn.nba.com/headshots/nba/latest/1040x760/1628960.png
1628386,Jarrett Allen,1610612739,CLE,https://cdn.nba.com/headshots/nba/latest/1040x760/1628386.png
1641851,Timmy Allen,0,,https://cdn.nba.com/headshots/nba/latest/1040x760/1641851.png
1630631,Jose Alvarado,1610612740,NOP,https://cdn.nba.com/headshots/nba/latest/1040x760/1630631.png
203937,Kyle Anderson,1610612750,MIN,https://cdn.nba.com/headshots/nba/latest/1040x760/203937.png
203507,Giannis Antetokounmpo,1610612749,MIL,https://cdn.nba.com/headshots/nba/latest/1040x760/203507.png
203648,Thanasis Antetokounmpo,1610612749,MIL,https://cdn.nba.com/headshots/nba/latest/1040x760/203648.png
1630175,Cole Anthony,1610612753,ORL,https://cdn.nba.com/headshots/nba/latest/1040x760/1630175.png
1628384,OG Anunoby,1610612752,NYK,https://cdn.nba.com/headshots/nba/latest/1040x760/1628384.png
1627853,Ryan Arcidiacono,0,,https://cdn.nba.com/headshots/nba/latest/1040x760/1627853.png
1630166,Deni Avdija,1610612764,WAS,https://cdn.nba.com/headshots/nba/latest/1040x760/1630166.png
1629028,Deandre Ayton,1610612757,POR,https://cdn.nba.com/headshots/nba/latest/1040x760/1629028.png
1628962,Udoka Azubuike,1610612756,PHX,https://cdn.nba.com/headshots/nba/latest/1040x760/1628962.png
1630641,Ibou Badji,1610612757,POR,https://cdn.nba.com/headshots/nba/latest/1040x760/1630641.png
1628963,Marvin Bagley III,1610612764,WAS,https://cdn.nba.com/headshots/nba/latest/1040x760/1628963.png
1641735,Amari Bailey,1610612766,CHA,https://cdn.nba.com/headshots/nba/latest/1040x760/1641735.png
1631116,Patrick Baldwin Jr.,1610612764,WAS,https://cdn.nba.com/headshots/nba/latest/1040x760/1631116.png
1630163,LaMelo Ball,1610612766,CHA,https://cdn.nba.com/headshots/nba/latest/1040x760/1630163.png
1628964,Mo Bamba,1610612755,PHI,https://cdn.nba.com/headshots/nba/latest/1040x760/1628964.png
1631094,Paolo Banchero,1610612753,ORL,https://cdn.nba.com/headshots/nba/latest/1040x760/1631094.png
1630217,Desmond Bane,1610612763,MEM,https://cdn.nba.com/headshots/nba/latest/1040x760/1630217.png
1630625,Dalano Banton,1610612757,POR,https://cdn.nba.com/headshots/nba/latest/1040x760/1630625.png
1631230,Dominick Barlow,1610612759,SAS,https://cdn.nba.com/headshots/nba/latest/1040x760/1631230.png
203084,Harrison Barnes,1610612758,SAC,https://cdn.nba.com/headshots/nba/latest/1040x760/203084.png
1630567,Scottie Barnes,1610612761,TOR,https://cdn.nba.com/headshots/nba/latest/1040x760/1630567.png
1629628,RJ Barrett,1610612761,TOR,https://cdn.nba.com/headshots/nba/latest/1040x760/1629628.png
1629646,Charles Bassey,1610612759,SAS,https://cdn.nba.com/headshots/nba/latest/1040x760/1629646.png
1641734,Emoni Bates,1610612739,CLE,https://cdn.nba.com/headshots/nba/latest/1040x760/1641734.png
1628966,Keita Bates-Diop,1610612751,BKN,https://cdn.nba.com/headshots/nba/latest/1040x760/1628966.png
201587,Nicolas Batum,1610612755,PHI,https://cdn.nba.com/headshots/nba/latest/1040x760/201587.png
1629647,Darius Bazley,1610612762,UTA,https://cdn.nba.com/headshots/nba/latest/1040x760/1629647.png
203078,Bradley Beal,1610612756,PHX,https://cdn.nba.com/headshots/nba/latest/1040x760/203078.png
1627736,Malik Beasley,1610612749,MIL,https://cdn.nba.com/headshots/nba/latest/1040x760/1627736.png
1630699,MarJon Beauchamp,1610612749,MIL,https://cdn.nba.com/headshots/nba/latest/1040x760/1630699.png
1631262,Jules Bernard,1610612764,WAS,https://cdn.nba.com/headshots/nba/latest/1040x760/1631262.png
202722,Davis Bertans,1610612766,CHA,https://cdn.nba.com/headshots/nba/latest/1040x760/202722.png
201976,Patrick Beverley,1610612749,MIL,https://cdn.nba.com/headshots/nba/latest/1040x760/201976.png
1630180,Saddiq Bey,1610612737,ATL,https://cdn.nba.com/headshots/nba/latest/1040x760/1630180.png
1629048,Goga Bitadze,1610612753,ORL,https://cdn.nba.com/headshots/nba/latest/1040x760/1629048.png
1641931,Onuralp Bitim,1610612741,CHI,https://cdn.nba.com/headshots/nba/latest/1040x760/1641931.png
202687,Bismack Biyombo,1610612760,OKC,https://cdn.nba.com/headshots/nba/latest/1040x760/202687.png
1641710,Anthony Black,1610612753,ORL,https://cdn.nba.com/headshots/nba/latest/1040x760/1641710.png
1641778,Leaky Black,1610612766,CHA,https://cdn.nba.com/headshots/nba/latest/1040x760/1641778.png
1631205,Buddy Boeheim,1610612765,DET,https://cdn.nba.com/headshots/nba/latest/1040x760/1631205.png
203992,Bogdan Bogdanovic,1610612737,ATL,https://cdn.nba.com/headshots/nba/latest/1040x760/203992.png
202711,Bojan Bogdanovic,1610612752,NYK,https://cdn.nba.com/headshots/nba/latest/1040x760/202711.png
1629626,Bol Bol,1610612756,PHX,https://cdn.nba.com/headshots/nba/latest/1040x760/1629626.png
1629716,Marques Bolden,1610612766,CHA,https://cdn.nba.com/headshots/nba/latest/1040x760/1629716.png
1626164,Devin Booker,1610612756,PHX,https://cdn.nba.com/headshots/nba/latest/1040x760/1626164.png
1630527,Brandon Boston Jr.,1610612746,LAC,https://cdn.nba.com/headshots/nba/latest/1040x760/1630527.png
1628449,Chris Boucher,1610612761,TOR,https://cdn.nba.com/headshots/nba/latest/1040x760/1628449.png
1630547,James Bouknight,0,,https://cdn.nba.com/headshots/nba/latest/1040x760/1630547.png
1631123,Jamaree Bouyea,1610612759,SAS,https://cdn.nba.com/headshots/nba/latest/1040x760/1631123.png
1631103,Malaki Branham,1610612759,SAS,https://cdn.nba.com/headshots/nba/latest/1040x760/1631103.png
1631128,Christian Braun,1610612743,DEN,https://cdn.nba.com/headshots/nba/latest/1040x760/1631128.png
1628969,Mikal Bridges,1610612751,BKN,https://cdn.nba.com/headshots/nba/latest/1040x760/1628969.png
1628970,Miles Bridges,1610612766,CHA,https://cdn.nba.com/headshots/nba/latest/1040x760/1628970.png
1629052,Oshae Brissett,1610612738,BOS,https://cdn.nba.com/headshots/nba/latest/1040x760/1629052.png
1631167,Izaiah Brockington,0,,https://cdn.nba.com/headshots/nba/latest/1040x760/1631167.png
1627763,Malcolm Brogdon,1610612757,POR,https://cdn.nba.com/headshots/nba/latest/1040x760/1627763.png
1629717,Armoni Brooks,0,,https://cdn.nba.com/headshots/nba/latest/1040x760/1629717.png
1628415,Dillon Brooks,1610612745,HOU,https://cdn.nba.com/headshots/nba/latest/1040x760/1628415.png
1628971,Bruce Brown,1610612761,TOR,https://cdn.nba.com/headshots/nba/latest/1040x760/1628971.png
1627759,Jaylen Brown,1610612738,BOS,https://cdn.nba.com/headshots/nba/latest/1040x760/1627759.png
1631112,Kendall Brown,1610612754,IND,https://cdn.nba.com/headshots/nba/latest/1040x760/1631112.png
1641738,Kobe Brown,1610612746,LAC,https://cdn.nba.com/headshots/nba/latest/1040x760/1641738.png
1629650,Moses Brown,1610612757,POR,https://cdn.nba.com/headshots/nba/latest/1040x760/1629650.png
1630535,Greg Brown III,1610612742,DAL,https://cdn.nba.com/headshots/nba/latest/1040x760/1630535.png
1629718,Charlie Brown Jr.,1610612752,NYK,https://cdn.nba.com/headshots/nba/latest/1040x760/1629718.png
1628972,Troy Brown Jr.,1610612765,DET,https://cdn.nba.com/headshots/nba/latest/1040x760/1628972.png
1628973,Jalen Brunson,1610612752,NYK,https://cdn.nba.com/headshots/nba/latest/1040x760/1628973.png
1628418,Thomas Bryant,1610612748,MIA,https://cdn.nba.com/headshots/nba/latest/1040x760/1628418.png
1641723,Kobe Bufkin,1610612737,ATL,https://cdn.nba.com/headshots/nba/latest/1040x760/1641723.png
203493,Reggie Bullock Jr.,1610612745,HOU,https://cdn.nba.com/headshots/nba/latest/1040x760/203493.png
202692,Alec Burks,1610612752,NYK,https://cdn.nba.com/headshots/nba/latest/1040x760/202692.png
1630215,Jared Butler,1610612764,WAS,https://cdn.nba.com/headshots/nba/latest/1040x760/1630215.png
202710,Jimmy Butler,1610612748,MIA,https://cdn.nba.com/headshots/nba/latest/1040x760/202710.png
1631288,Jamal Cain,1610612748,MIA,https://cdn.nba.com/headshots/nba/latest/1040x760/1631288.png
203484,Kentavious Caldwell-Pope,1610612743,DEN,https://cdn.nba.com/headshots/nba/latest/1040x760/203484.png
1641739,Toumani Camara,1610612757,POR,https://cdn.nba.com/headshots/nba/latest/1040x760/1641739.png
203991,Clint Capela,1610612737,ATL,https://cdn.nba.com/headshots/nba/latest/1040x760/203991.png
1628975,Jevon Carter,1610612741,CHI,https://cdn.nba.com/headshots/nba/latest/1040x760/1628975.png
1628976,Wendell Carter Jr.,1610612753,ORL,https://cdn.nba.com/headshots/nba/latest/1040x760/1628976.png
1630618,D.J. Carton,1610612761,TOR,https://cdn.nba.com/headshots/nba/latest/1040x760/1630618.png
1627936,Alex Caruso,1610612741,CHI,https://cdn.nba.com/headshots/nba/latest/1040x760/1627936.png
1630658,Colin Castleton,1610612747,LAL,https://cdn.nba.com/headshots/nba/latest/1040x760/1630658.png
1630608,Malcolm Cazalon,0,,https://cdn.nba.com/headshots/nba/latest/1040x760/1630608.png
1630577,Julian Champagnie,1610612759,SAS,https://cdn.nba.com/headshots/nba/latest/1040x760/1630577.png
1630551,Justin Champagnie,1610612764,WAS,https://cdn.nba.com/headshots/nba/latest/1040x760/1630551.png
1631108,Max Christie,1610612747,LAL,https://cdn.nba.com/headshots/nba/latest/1040x760/1631108.png
1631321,Sidy Cissoko,1610612759,SAS,https://cdn.nba.com/headshots/nba/latest/1040x760/1631321.png
1629634,Brandon Clarke,1610612763,MEM,https://cdn.nba.com/headshots/nba/latest/1040x760/1629634.png
203903,Jordan Clarkson,1610612762,UTA,https://cdn.nba.com/headshots/nba/latest/1040x760/203903.png
1629651,Nic Claxton,1610612751,BKN,https://cdn.nba.com/headshots/nba/latest/1040x760/1629651.png
1641730,Noah Clowney,1610612751,BKN,https://cdn.nba.com/headshots/nba/latest/1040x760/1641730.png
1629599,Amir Coffey,1610612746,LAC,https://cdn.nba.com/headshots/nba/latest/1040x760/1629599.png
1628381,John Collins,1610612762,UTA,https://cdn.nba.com/headshots/nba/latest/1040x760/1628381.png
1628380,Zach Collins,1610612759,SAS,https://cdn.nba.com/headshots/nba/latest/1040x760/1628380.png
201144,Mike Conley,1610612750,MIN,https://cdn.nba.com/headshots/nba/latest/1040x760/201144.png
1626192,Pat Connaughton,1610612749,MIL,https://cdn.nba.com/headshots/nba/latest/1040x760/1626192.png
1641731,Bilal Coulibaly,1610612764,WAS,https://cdn.nba.com/headshots/nba/latest/1040x760/1641731.png
1641741,Ricky Council IV,1610612755,PHI,https://cdn.nba.com/headshots/nba/latest/1040x760/1641741.png
203496,Robert Covington,1610612755,PHI,https://cdn.nba.com/headshots/nba/latest/1040x760/203496.png
1628470,Torrey Craig,1610612741,CHI,https://cdn.nba.com/headshots/nba/latest/1040x760/1628470.png
203109,Jae Crowder,1610612749,MIL,https://cdn.nba.com/headshots/nba/latest/1040x760/203109.png
1630622,Jalen Crutcher,0,,https://cdn.nba.com/headshots/nba/latest/1040x760/1630622.png
1630595,Cade Cunningham,1610612765,DET,https://cdn.nba.com/headshots/nba/latest/1040x760/1630595.png
203552,Seth Curry,1610612766,CHA,https://cdn.nba.com/headshots/nba/latest/1040x760/203552.png
201939,Stephen Curry,1610612744,GSW,https://cdn.nba.com/headshots/nba/latest/1040x760/201939.png
1630700,Dyson Daniels,1610612740,NOP,https://cdn.nba.com/headshots/nba/latest/1040x760/1630700.png
203076,Anthony Davis,1610612747,LAL,https://cdn.nba.com/headshots/nba/latest/1040x760/203076.png
1631098,Johnny Davis,1610612764,WAS,https://cdn.nba.com/headshots/nba/latest/1040x760/1631098.png
1631120,JD Davison,1610612738,BOS,https://cdn.nba.com/headshots/nba/latest/1040x760/1631120.png
201942,DeMar DeRozan,1610612741,CHI,https://cdn.nba.com/headshots/nba/latest/1040x760/201942.png
1641926,Dexter Dennis,0,,https://cdn.nba.com/headshots/nba/latest/1040x760/1641926.png
1628978,Donte DiVincenzo,1610612752,NYK,https://cdn.nba.com/headshots/nba/latest/1040x760/1628978.png
1631217,Moussa Diabate,1610612746,LAC,https://cdn.nba.com/headshots/nba/latest/1040x760/1631217.png
1629603,Mamadi Diakite,1610612752,NYK,https://cdn.nba.com/headshots/nba/latest/1040x760/1629603.png
1628977,Hamidou Diallo,0,,https://cdn.nba.com/headshots/nba/latest/1040x760/1628977.png
1641711,Gradey Dick,1610612761,TOR,https://cdn.nba.com/headshots/nba/latest/1040x760/1641711.png
1631172,Ousmane Dieng,1610612760,OKC,https://cdn.nba.com/headshots/nba/latest/1040x760/1631172.png
203915,Spencer Dinwiddie,1610612747,LAL,https://cdn.nba.com/headshots/nba/latest/1040x760/203915.png
1629029,Luka Doncic,1610612742,DAL,https://cdn.nba.com/headshots/nba/latest/1040x760/1629029.png
1629652,Luguentz Dort,1610612760,OKC,https://cdn.nba.com/headshots/nba/latest/1040x760/1629652.png
1630245,Ayo Dosunmu,1610612741,CHI,https://cdn.nba.com/headshots/nba/latest/1040x760/1630245.png
1630288,Jeff Dowtin Jr.,1610612755,PHI,https://cdn.nba.com/headshots/nba/latest/1040x760/1630288.png
1630929,Henri Drell,1610612741,CHI,https://cdn.nba.com/headshots/nba/latest/1040x760/1630929.png
203083,Andre Drummond,1610612741,CHI,https://cdn.nba.com/headshots/nba/latest/1040x760/203083.png
1630537,Chris Duarte,1610612758,SAC,https://cdn.nba.com/headshots/nba/latest/1040x760/1630537.png
1630561,David Duke Jr.,1610612759,SAS,https://cdn.nba.com/headshots/nba/latest/1040x760/1630561.png
1627739,Kris Dunn,1610612762,UTA,https://cdn.nba.com/headshots/nba/latest/1040x760/1627739.png
201142,Kevin Durant,1610612756,PHX,https://cdn.nba.com/headshots/nba/latest/1040x760/201142.png
1631105,Jalen Duren,1610612765,DET,https://cdn.nba.com/headshots/nba/latest/1040x760/1631105.png
1631106,Tari Eason,1610612745,HOU,https://cdn.nba.com/headshots/nba/latest/1040x760/1631106.png
1630162,Anthony Edwards,1610612750,MIN,https://cdn.nba.com/headshots/nba/latest/1040x760/1630162.png
1630556,Kessler Edwards,1610612758,SAC,https://cdn.nba.com/headshots/nba/latest/1040x760/1630556.png
1631165,Keon Ellis,1610612758,SAC,https://cdn.nba.com/headshots/nba/latest/1040x760/1631165.png
203954,Joel Embiid,1610612755,PHI,https://cdn.nba.com/headshots/nba/latest/1040x760/203954.png
1629234,Drew Eubanks,1610612756,PHX,https://cdn.nba.com/headshots/nba/latest/1040x760/1629234.png
1641787,Tosan Evbuomwan,1610612765,DET,https://cdn.nba.com/headshots/nba/latest/1040x760/1641787.png
203957,Dante Exum,1610612742,DAL,https://cdn.nba.com/headshots/nba/latest/1040x760/203957.png
1628981,Bruno Fernando,1610612737,ATL,https://cdn.nba.com/headshots/nba/latest/1040x760/1628981.png
1627827,Dorian Finney-Smith,1610612751,BKN,https://cdn.nba.com/headshots/nba/latest/1040x760/1627827.png
1641745,Adam Flagler,1610612760,OKC,https://cdn.nba.com/headshots/nba/latest/1040x760/1641745.png
1630201,Malachi Flynn,1610612765,DET,https://cdn.nba.com/headshots/nba/latest/1040x760/1630201.png
1631323,Simone Fontecchio,1610612765,DET,https://cdn.nba.com/headshots/nba/latest/1040x760/1631323.png
1630259,Jordan Ford,1610612758,SAC,https://cdn.nba.com/headshots/nba/latest/1040x760/1630259.png
1630235,Trent Forrest,1610612737,ATL,https://cdn.nba.com/headshots/nba/latest/1040x760/1630235.png
203095,Evan Fournier,1610612765,DET,https://cdn.nba.com/headshots/nba/latest/1040x760/203095.png
1628368,De'Aaron Fox,1610612758,SAC,https://cdn.nba.com/headshots/nba/latest/1040x760/1628368.png
1631241,Javon Freeman-Liberty,1610612761,TOR,https://cdn.nba.com/headshots/nba/latest/1040x760/1631241.png
1641788,Alex Fudge,1610612742,DAL,https://cdn.nba.com/headshots/nba/latest/1040x760/1641788.png
1628365,Markelle Fultz,1610612753,ORL,https://cdn.nba.com/headshots/nba/latest/1040x760/1628365.png
1641847,Andrew Funk,1610612741,CHI,https://cdn.nba.com/headshots/nba/latest/1040x760/1641847.png
1629117,Wenyen Gabriel,0,,https://cdn.nba.com/headshots/nba/latest/1040x760/1629117.png
1629655,Daniel Gafford,1610612742,DAL,https://cdn.nba.com/headshots/nba/latest/1040x760/1629655.png
201568,Danilo Gallinari,1610612749,MIL,https://cdn.nba.com/headshots/nba/latest/1040x760/201568.png
1629636,Darius Garland,1610612739,CLE,https://cdn.nba.com/headshots/nba/latest/1040x760/1629636.png
1630586,Usman Garuba,1610612744,GSW,https://cdn.nba.com/headshots/nba/latest/1040x760/1630586.png
1630568,Luka Garza,1610612750,MIN,https://cdn.nba.com/headshots/nba/latest/1040x760/1630568.png
1629232,Kaiser Gates,0,,https://cdn.nba.com/headshots/nba/latest/1040x760/1629232.png
1641718,Keyonte George,1610612762,UTA,https://cdn.nba.com/headshots/nba/latest/1040x760/1641718.png
202331,Paul George,1610612746,LAC,https://cdn.nba.com/headshots/nba/latest/1040x760/202331.png
201959,Taj Gibson,1610612765,DET,https://cdn.nba.com/headshots/nba/latest/1040x760/201959.png
1630581,Josh Giddey,1610612760,OKC,https://cdn.nba.com/headshots/nba/latest/1040x760/1630581.png
1628385,Harry Giles III,1610612747,LAL,https://cdn.nba.com/headshots/nba/latest/1040x760/1628385.png
1628983,Shai Gilgeous-Alexander,1610612760,OKC,https://cdn.nba.com/headshots/nba/latest/1040x760/1628983.png
1630264,Anthony Gill,1610612764,WAS,https://cdn.nba.com/headshots/nba/latest/1040x760/1630264.png
1631221,Collin Gillespie,1610612743,DEN,https://cdn.nba.com/headshots/nba/latest/1040x760/1631221.png
1631367,Jacob Gilyard,1610612751,BKN,https://cdn.nba.com/headshots/nba/latest/1040x760/1631367.png
203497,Rudy Gobert,1610612750,MIN,https://cdn.nba.com/headshots/nba/latest/1040x760/203497.png
1630692,Jordan Goodwin,1610612763,MEM,https://cdn.nba.com/headshots/nba/latest/1040x760/1630692.png
203932,Aaron Gordon,1610612743,DEN,https://cdn.nba.com/headshots/nba/latest/1040x760/203932.png
201569,Eric Gordon,1610612756,PHX,https://cdn.nba.com/headshots/nba/latest/1040x760/201569.png
1628984,Devonte' Graham,1610612759,SAS,https://cdn.nba.com/headshots/nba/latest/1040x760/1628984.png
203924,Jerami Grant,1610612757,POR,https://cdn.nba.com/headshots/nba/latest/1040x760/203924.png
1630564,RaiQuan Gray,1610612759,SAS,https://cdn.nba.com/headshots/nba/latest/1040x760/1630564.png
1631260,AJ Green,1610612749,MIL,https://cdn.nba.com/headshots/nba/latest/1040x760/1631260.png
201980,Danny Green,0,,https://cdn.nba.com/headshots/nba/latest/1040x760/201980.png
203110,Draymond Green,1610612744,GSW,https://cdn.nba.com/headshots/nba/latest/1040x760/203110.png
1630224,Jalen Green,1610612745,HOU,https://cdn.nba.com/headshots/nba/latest/1040x760/1630224.png
1629750,Javonte Green,1610612741,CHI,https://cdn.nba.com/headshots/nba/latest/1040x760/1629750.png
201145,Jeff Green,1610612745,HOU,https://cdn.nba.com/headshots/nba/latest/1040x760/201145.png
1630182,Josh Green,1610612742,DAL,https://cdn.nba.com/headshots/nba/latest/1040x760/1630182.png
1631100,AJ Griffin,1610612737,ATL,https://cdn.nba.com/headshots/nba/latest/1040x760/1631100.png
1629656,Quentin Grimes,1610612765,DET,https://cdn.nba.com/headshots/nba/latest/1040x760/1629656.png
1631338,Mouhamadou Gueye,1610612761,TOR,https://cdn.nba.com/headshots/nba/latest/1040x760/1631338.png
1631243,Mouhamed Gueye,1610612737,ATL,https://cdn.nba.com/headshots/nba/latest/1040x760/1631243.png
1629060,Rui Hachimura,1610612747,LAL,https://cdn.nba.com/headshots/nba/latest/1040x760/1629060.png
1630204,Ashton Hagans,1610612757,POR,https://cdn.nba.com/headshots/nba/latest/1040x760/1630204.png
1630169,Tyrese Haliburton,1610612754,IND,https://cdn.nba.com/headshots/nba/latest/1040x760/1630169.png
1630181,R.J. Hampton,0,,https://cdn.nba.com/headshots/nba/latest/1040x760/1630181.png
203501,Tim Hardaway Jr.,1610612742,DAL,https://cdn.nba.com/headshots/nba/latest/1040x760/203501.png
201935,James Harden,1610612746,LAC,https://cdn.nba.com/headshots/nba/latest/1040x760/201935.png
1630702,Jaden Hardy,1610612742,DAL,https://cdn.nba.com/headshots/nba/latest/1040x760/1630702.png
1631199,Ron Harper Jr.,0,,https://cdn.nba.com/headshots/nba/latest/1040x760/1631199.png
203914,Gary Harris,1610612753,ORL,https://cdn.nba.com/headshots/nba/latest/1040x760/203914.png
203925,Joe Harris,0,,https://cdn.nba.com/headshots/nba/latest/1040x760/203925.png
1630284,Kevon Harris,1610612753,ORL,https://cdn.nba.com/headshots/nba/latest/1040x760/1630284.png
202699,Tobias Harris,1610612755,PHI,https://cdn.nba.com/headshots/nba/latest/1040x760/202699.png
1627885,Shaquille Harrison,0,,https://cdn.nba.com/headshots/nba/latest/1040x760/1627885.png
1628404,Josh Hart,1610612752,NYK,https://cdn.nba.com/headshots/nba/latest/1040x760/1628404.png
1628392,Isaiah Hartenstein,1610612752,NYK,https://cdn.nba.com/headshots/nba/latest/1040x760/1628392.png
1630573,Sam Hauser,1610612738,BOS,https://cdn.nba.com/headshots/nba/latest/1040x760/1630573.png
1641722,Jordan Hawkins,1610612740,NOP,https://cdn.nba.com/headshots/nba/latest/1040x760/1641722.png
1629637,Jaxson Hayes,1610612747,LAL,https://cdn.nba.com/headshots/nba/latest/1040x760/1629637.png
1630165,Killian Hayes,0,,https://cdn.nba.com/headshots/nba/latest/1040x760/1630165.png
202330,Gordon Hayward,1610612760,OKC,https://cdn.nba.com/headshots/nba/latest/1040x760/202330.png
1630703,Scoot Henderson,1610612757,POR,https://cdn.nba.com/headshots/nba/latest/1040x760/1630703.png
1641707,Taylor Hendricks,1610612762,UTA,https://cdn.nba.com/headshots/nba/latest/1040x760/1641707.png
1629639,Tyler Herro,1610612748,MIA,https://cdn.nba.com/headshots/nba/latest/1040x760/1629639.png
1627741,Buddy Hield,1610612755,PHI,https://cdn.nba.com/headshots/nba/latest/1040x760/1627741.png
1629312,Haywood Highsmith,1610612748,MIA,https://cdn.nba.com/headshots/nba/latest/1040x760/1629312.png
1630207,Nate Hinton,1610612745,HOU,https://cdn.nba.com/headshots/nba/latest/1040x760/1630207.png
1641793,Dâ€™Moi Hodge,0,,https://cdn.nba.com/headshots/nba/latest/1040x760/1641793.png
1628988,Aaron Holiday,1610612745,HOU,https://cdn.nba.com/headshots/nba/latest/1040x760/1628988.png
201950,Jrue Holiday,1610612738,BOS,https://cdn.nba.com/headshots/nba/latest/1040x760/201950.png
203200,Justin Holiday,1610612743,DEN,https://cdn.nba.com/headshots/nba/latest/1040x760/203200.png
1626158,Richaun Holmes,1610612764,WAS,https://cdn.nba.com/headshots/nba/latest/1040x760/1626158.png
1631096,Chet Holmgren,1610612760,OKC,https://cdn.nba.com/headshots/nba/latest/1040x760/1631096.png
1641720,Jalen Hood-Schifino,1610612747,LAL,https://cdn.nba.com/headshots/nba/latest/1040x760/1641720.png
201143,Al Horford,1610612738,BOS,https://cdn.nba.com/headshots/nba/latest/1040x760/201143.png
1629659,Talen Horton-Tucker,1610612762,UTA,https://cdn.nba.com/headshots/nba/latest/1040x760/1629659.png
1627863,Danuel House Jr.,0,,https://cdn.nba.com/headshots/nba/latest/1040x760/1627863.png
1631216,Caleb Houstan,1610612753,ORL,https://cdn.nba.com/headshots/nba/latest/1040x760/1631216.png
1641724,Jett Howard,1610612753,ORL,https://cdn.nba.com/headshots/nba/latest/1040x760/1641724.png
1628989,Kevin Huerter,1610612758,SAC,https://cdn.nba.com/headshots/nba/latest/1040x760/1628989.png
1630643,Jay Huff,1610612743,DEN,https://cdn.nba.com/headshots/nba/latest/1040x760/1630643.png
1629631,De'Andre Hunter,1610612737,ATL,https://cdn.nba.com/headshots/nba/latest/1040x760/1629631.png
1630562,Matt Hurt,0,,https://cdn.nba.com/headshots/nba/latest/1040x760/1630562.png
1630538,Bones Hyland,1610612746,LAC,https://cdn.nba.com/headshots/nba/latest/1040x760/1630538.png
204060,Joe Ingles,1610612753,ORL,https://cdn.nba.com/headshots/nba/latest/1040x760/204060.png
1627742,Brandon Ingram,1610612740,NOP,https://cdn.nba.com/headshots/nba/latest/1040x760/1627742.png
202681,Kyrie Irving,1610612742,DAL,https://cdn.nba.com/headshots/nba/latest/1040x760/202681.png
1628371,Jonathan Isaac,1610612753,ORL,https://cdn.nba.com/headshots/nba/latest/1040x760/1628371.png
1631093,Jaden Ivey,1610612765,DET,https://cdn.nba.com/headshots/nba/latest/1040x760/1631093.png
1630543,Isaiah Jackson,1610612754,IND,https://cdn.nba.com/headshots/nba/latest/1040x760/1630543.png
1628382,Justin Jackson,0,,https://cdn.nba.com/headshots/nba/latest/1040x760/1628382.png
1631245,Quenton Jackson,1610612754,IND,https://cdn.nba.com/headshots/nba/latest/1040x760/1631245.png
202704,Reggie Jackson,1610612743,DEN,https://cdn.nba.com/headshots/nba/latest/1040x760/202704.png
1641713,GG Jackson II,1610612763,MEM,https://cdn.nba.com/headshots/nba/latest/1040x760/1641713.png
1641748,Andre Jackson Jr.,1610612749,MIL,https://cdn.nba.com/headshots/nba/latest/1040x760/1641748.png
1628991,Jaren Jackson Jr.,1610612763,MEM,https://cdn.nba.com/headshots/nba/latest/1040x760/1628991.png
1631218,Trayce Jackson-Davis,1610612744,GSW,https://cdn.nba.com/headshots/nba/latest/1040x760/1631218.png
2544,LeBron James,1610612747,LAL,https://cdn.nba.com/headshots/nba/latest/1040x760/2544.png
1631170,Jaime Jaquez Jr.,1610612748,MIA,https://cdn.nba.com/headshots/nba/latest/1040x760/1631170.png
1630610,DeJon Jarreau,0,,https://cdn.nba.com/headshots/nba/latest/1040x760/1630610.png
1629610,DaQuan Jeffries,1610612752,NYK,https://cdn.nba.com/headshots/nba/latest/1040x760/1629610.png
1641998,Trey Jemison,1610612763,MEM,https://cdn.nba.com/headshots/nba/latest/1040x760/1641998.png
1629660,Ty Jerome,1610612739,CLE,https://cdn.nba.com/headshots/nba/latest/1040x760/1629660.png
1630198,Isaiah Joe,1610612760,OKC,https://cdn.nba.com/headshots/nba/latest/1040x760/1630198.png
1629661,Cameron Johnson,1610612751,BKN,https://cdn.nba.com/headshots/nba/latest/1040x760/1629661.png
1630552,Jalen Johnson,1610612737,ATL,https://cdn.nba.com/headshots/nba/latest/1040x760/1630552.png
201949,James Johnson,1610612754,IND,https://cdn.nba.com/headshots/nba/latest/1040x760/201949.png
1629640,Keldon Johnson,1610612759,SAS,https://cdn.nba.com/headshots/nba/latest/1040x760/1629640.png
1630553,Keon Johnson,1610612751,BKN,https://cdn.nba.com/headshots/nba/latest/1040x760/1630553.png
1641749,Keyontae Johnson,1610612760,OKC,https://cdn.nba.com/headshots/nba/latest/1040x760/1641749.png
203999,Nikola Jokic,1610612743,DEN,https://cdn.nba.com/headshots/nba/latest/1040x760/203999.png
1641732,Colby Jones,1610612758,SAC,https://cdn.nba.com/headshots/nba/latest/1040x760/1641732.png
1627745,Damian Jones,1610612739,CLE,https://cdn.nba.com/headshots/nba/latest/1040x760/1627745.png
1630529,Herbert Jones,1610612740,NOP,https://cdn.nba.com/headshots/nba/latest/1040x760/1630529.png
1630222,Mason Jones,1610612758,SAC,https://cdn.nba.com/headshots/nba/latest/1040x760/1630222.png
1630200,Tre Jones,1610612759,SAS,https://cdn.nba.com/headshots/nba/latest/1040x760/1630200.png
1626145,Tyus Jones,1610612764,WAS,https://cdn.nba.com/headshots/nba/latest/1040x760/1626145.png
1627884,Derrick Jones Jr.,1610612742,DAL,https://cdn.nba.com/headshots/nba/latest/1040x760/1627884.png
201599,DeAndre Jordan,1610612743,DEN,https://cdn.nba.com/headshots/nba/latest/1040x760/201599.png
202709,Cory Joseph,0,,https://cdn.nba.com/headshots/nba/latest/1040x760/202709.png
1631107,Nikola Jovic,1610612748,MIA,https://cdn.nba.com/headshots/nba/latest/1040x760/1631107.png
1630548,Johnny Juzang,1610612762,UTA,https://cdn.nba.com/headshots/nba/latest/1040x760/1630548.png
1628379,Luke Kennard,1610612763,MEM,https://cdn.nba.com/headshots/nba/latest/1040x760/1628379.png
1631117,Walker Kessler,1610612762,UTA,https://cdn.nba.com/headshots/nba/latest/1040x760/1631117.png
1630296,Braxton Key,1610612743,DEN,https://cdn.nba.com/headshots/nba/latest/1040x760/1630296.png
1630557,Corey Kispert,1610612764,WAS,https://cdn.nba.com/headshots/nba/latest/1040x760/1630557.png
1628467,Maxi Kleber,1610612742,DAL,https://cdn.nba.com/headshots/nba/latest/1040x760/1628467.png
1628995,Kevin Knox II,0,,https://cdn.nba.com/headshots/nba/latest/1040x760/1628995.png
1629723,John Konchar,1610612763,MEM,https://cdn.nba.com/headshots/nba/latest/1040x760/1629723.png
1627788,Furkan Korkmaz,0,,https://cdn.nba.com/headshots/nba/latest/1040x760/1627788.png
1628436,Luke Kornet,1610612738,BOS,https://cdn.nba.com/headshots/nba/latest/1040x760/1628436.png
1630249,Vit Krejci,1610612737,ATL,https://cdn.nba.com/headshots/nba/latest/1040x760/1630249.png
1630228,Jonathan Kuminga,1610612744,GSW,https://cdn.nba.com/headshots/nba/latest/1040x760/1630228.png
1628398,Kyle Kuzma,1610612764,WAS,https://cdn.nba.com/headshots/nba/latest/1040x760/1628398.png
1631222,Jake LaRavia,1610612763,MEM,https://cdn.nba.com/headshots/nba/latest/1040x760/1631222.png
203897,Zach LaVine,1610612741,CHI,https://cdn.nba.com/headshots/nba/latest/1040x760/203897.png
1629111,Jock Landale,1610612745,HOU,https://cdn.nba.com/headshots/nba/latest/1040x760/1629111.png
1630639,AJ Lawson,1610612742,DAL,https://cdn.nba.com/headshots/nba/latest/1040x760/1630639.png
1627747,Caris LeVert,1610612739,CLE,https://cdn.nba.com/headshots/nba/latest/1040x760/1627747.png
1630240,Saben Lee,1610612756,PHX,https://cdn.nba.com/headshots/nba/latest/1040x760/1630240.png
203458,Alex Len,1610612758,SAC,https://cdn.nba.com/headshots/nba/latest/1040x760/203458.png
202695,Kawhi Leonard,1610612746,LAC,https://cdn.nba.com/headshots/nba/latest/1040x760/202695.png
1641721,Maxwell Lewis,1610612747,LAL,https://cdn.nba.com/headshots/nba/latest/1040x760/1641721.png
1630184,Kira Lewis Jr.,1610612762,UTA,https://cdn.nba.com/headshots/nba/latest/1040x760/1630184.png
1630604,E.J. Liddell,1610612740,NOP,https://cdn.nba.com/headshots/nba/latest/1040x760/1630604.png
203081,Damian Lillard,1610612749,MIL,https://cdn.nba.com/headshots/nba/latest/1040x760/203081.png
1629642,Nassir Little,1610612756,PHX,https://cdn.nba.com/headshots/nba/latest/1040x760/1629642.png
1641726,Dereck Lively II,1610612742,DAL,https://cdn.nba.com/headshots/nba/latest/1040x760/1641726.png
1630587,Isaiah Livers,0,,https://cdn.nba.com/headshots/nba/latest/1040x760/1630587.png
1641753,Chris Livingston,1610612749,MIL,https://cdn.nba.com/headshots/nba/latest/1040x760/1641753.png
1631254,Kenneth Lofton Jr.,1610612762,UTA,https://cdn.nba.com/headshots/nba/latest/1040x760/1631254.png
1626172,Kevon Looney,1610612744,GSW,https://cdn.nba.com/headshots/nba/latest/1040x760/1626172.png
201572,Brook Lopez,1610612749,MIL,https://cdn.nba.com/headshots/nba/latest/1040x760/201572.png
201577,Robin Lopez,0,,https://cdn.nba.com/headshots/nba/latest/1040x760/201577.png
201567,Kevin Love,1610612748,MIA,https://cdn.nba.com/headshots/nba/latest/1040x760/201567.png
200768,Kyle Lowry,1610612755,PHI,https://cdn.nba.com/headshots/nba/latest/1040x760/200768.png
1641754,Seth Lundy,1610612737,ATL,https://cdn.nba.com/headshots/nba/latest/1040x760/1641754.png
1626168,Trey Lyles,1610612758,SAC,https://cdn.nba.com/headshots/nba/latest/1040x760/1626168.png
1630177,Theo Maledon,0,,https://cdn.nba.com/headshots/nba/latest/1040x760/1630177.png
1630572,Sandro Mamukelashvili,1610612759,SAS,https://cdn.nba.com/headshots/nba/latest/1040x760/1630572.png
1629611,Terance Mann,1610612746,LAC,https://cdn.nba.com/headshots/nba/latest/1040x760/1629611.png
1630544,Tre Mann,1610612766,CHA,https://cdn.nba.com/headshots/nba/latest/1040x760/1630544.png
1626246,Boban Marjanovic,1610612745,HOU,https://cdn.nba.com/headshots/nba/latest/1040x760/1626246.png
1628374,Lauri Markkanen,1610612762,UTA,https://cdn.nba.com/headshots/nba/latest/1040x760/1628374.png
1630230,Naji Marshall,1610612740,NOP,https://cdn.nba.com/headshots/nba/latest/1040x760/1630230.png
1628997,Caleb Martin,1610612748,MIA,https://cdn.nba.com/headshots/nba/latest/1040x760/1628997.png
1628998,Cody Martin,1610612766,CHA,https://cdn.nba.com/headshots/nba/latest/1040x760/1628998.png
1630231,KJ Martin,1610612755,PHI,https://cdn.nba.com/headshots/nba/latest/1040x760/1630231.png
1629726,Garrison Mathews,1610612737,ATL,https://cdn.nba.com/headshots/nba/latest/1040x760/1629726.png
1631097,Bennedict Mathurin,1610612754,IND,https://cdn.nba.com/headshots/nba/latest/1040x760/1631097.png
202083,Wesley Matthews,1610612737,ATL,https://cdn.nba.com/headshots/nba/latest/1040x760/202083.png
1630178,Tyrese Maxey,1610612755,PHI,https://cdn.nba.com/headshots/nba/latest/1040x760/1630178.png
1630219,Skylar Mays,1610612747,LAL,https://cdn.nba.com/headshots/nba/latest/1040x760/1630219.png
1630540,Miles McBride,1610612752,NYK,https://cdn.nba.com/headshots/nba/latest/1040x760/1630540.png
203468,CJ McCollum,1610612740,NOP,https://cdn.nba.com/headshots/nba/latest/1040x760/203468.png
204456,T.J. McConnell,1610612754,IND,https://cdn.nba.com/headshots/nba/latest/1040x760/204456.png
1630183,Jaden McDaniels,1610612750,MIN,https://cdn.nba.com/headshots/nba/latest/1040x760/1630183.png
1629667,Jalen McDaniels,1610612761,TOR,https://cdn.nba.com/headshots/nba/latest/1040x760/1629667.png
203926,Doug McDermott,1610612754,IND,https://cdn.nba.com/headshots/nba/latest/1040x760/203926.png
201580,JaVale McGee,1610612758,SAC,https://cdn.nba.com/headshots/nba/latest/1040x760/201580.png
1631121,Bryce McGowens,1610612766,CHA,https://cdn.nba.com/headshots/nba/latest/1040x760/1631121.png
1629162,Jordan McLaughlin,1610612750,MIN,https://cdn.nba.com/headshots/nba/latest/1040x760/1629162.png
1629001,De'Anthony Melton,1610612755,PHI,https://cdn.nba.com/headshots/nba/latest/1040x760/1629001.png
1641877,Nathan Mensah,0,,https://cdn.nba.com/headshots/nba/latest/1040x760/1641877.png
1630241,Sam Merrill,1610612739,CLE,https://cdn.nba.com/headshots/nba/latest/1040x760/1630241.png
1629002,Chimezie Metu,1610612765,DET,https://cdn.nba.com/headshots/nba/latest/1040x760/1629002.png
203995,Vasilije Micic,1610612766,CHA,https://cdn.nba.com/headshots/nba/latest/1040x760/203995.png
203114,Khris Middleton,1610612749,MIL,https://cdn.nba.com/headshots/nba/latest/1040x760/203114.png
1641706,Brandon Miller,1610612766,CHA,https://cdn.nba.com/headshots/nba/latest/1040x760/1641706.png
1641757,Jordan Miller,1610612746,LAC,https://cdn.nba.com/headshots/nba/latest/1040x760/1641757.png
1631159,Leonard Miller,1610612750,MIN,https://cdn.nba.com/headshots/nba/latest/1040x760/1631159.png
201988,Patty Mills,1610612748,MIA,https://cdn.nba.com/headshots/nba/latest/1040x760/201988.png
1629003,Shake Milton,1610612752,NYK,https://cdn.nba.com/headshots/nba/latest/1040x760/1629003.png
1631303,Justin Minaya,1610612757,POR,https://cdn.nba.com/headshots/nba/latest/1040x760/1631303.png
1631169,Josh Minott,1610612750,MIN,https://cdn.nba.com/headshots/nba/latest/1040x760/1631169.png
1630558,Davion Mitchell,1610612758,SAC,https://cdn.nba.com/headshots/nba/latest/1040x760/1630558.png
1628378,Donovan Mitchell,1610612739,CLE,https://cdn.nba.com/headshots/nba/latest/1040x760/1628378.png
1630596,Evan Mobley,1610612739,CLE,https://cdn.nba.com/headshots/nba/latest/1040x760/1630596.png
1630600,Isaiah Mobley,1610612739,CLE,https://cdn.nba.com/headshots/nba/latest/1040x760/1630600.png
1628370,Malik Monk,1610612758,SAC,https://cdn.nba.com/headshots/nba/latest/1040x760/1628370.png
1630541,Moses Moody,1610612744,GSW,https://cdn.nba.com/headshots/nba/latest/1040x760/1630541.png
1629875,Xavier Moon,1610612746,LAC,https://cdn.nba.com/headshots/nba/latest/1040x760/1629875.png
1631386,Taze Moore,0,,https://cdn.nba.com/headshots/nba/latest/1040x760/1631386.png
1631111,Wendell Moore Jr.,1610612750,MIN,https://cdn.nba.com/headshots/nba/latest/1040x760/1631111.png
1629630,Ja Morant,1610612763,MEM,https://cdn.nba.com/headshots/nba/latest/1040x760/1629630.png
202693,Markieff Morris,1610612742,DAL,https://cdn.nba.com/headshots/nba/latest/1040x760/202693.png
1628420,Monte Morris,1610612750,MIN,https://cdn.nba.com/headshots/nba/latest/1040x760/1628420.png
202694,Marcus Morris Sr.,1610612739,CLE,https://cdn.nba.com/headshots/nba/latest/1040x760/202694.png
1630530,Trey Murphy III,1610612740,NOP,https://cdn.nba.com/headshots/nba/latest/1040x760/1630530.png
1627749,Dejounte Murray,1610612737,ATL,https://cdn.nba.com/headshots/nba/latest/1040x760/1627749.png
1627750,Jamal Murray,1610612743,DEN,https://cdn.nba.com/headshots/nba/latest/1040x760/1627750.png
1631099,Keegan Murray,1610612758,SAC,https://cdn.nba.com/headshots/nba/latest/1040x760/1631099.png
1631200,Kris Murray,1610612757,POR,https://cdn.nba.com/headshots/nba/latest/1040x760/1631200.png
203488,Mike Muscala,1610612760,OKC,https://cdn.nba.com/headshots/nba/latest/1040x760/203488.png
1629004,Svi Mykhailiuk,1610612738,BOS,https://cdn.nba.com/headshots/nba/latest/1040x760/1629004.png
1631250,Pete Nance,1610612739,CLE,https://cdn.nba.com/headshots/nba/latest/1040x760/1631250.png
1626204,Larry Nance Jr.,1610612740,NOP,https://cdn.nba.com/headshots/nba/latest/1040x760/1626204.png
1629614,Andrew Nembhard,1610612754,IND,https://cdn.nba.com/headshots/nba/latest/1040x760/1629614.png
1630174,Aaron Nesmith,1610612754,IND,https://cdn.nba.com/headshots/nba/latest/1040x760/1630174.png
1627777,Georges Niang,1610612739,CLE,https://cdn.nba.com/headshots/nba/latest/1040x760/1627777.png
1630227,Daishen Nix,1610612750,MIN,https://cdn.nba.com/headshots/nba/latest/1040x760/1630227.png
1630192,Zeke Nnaji,1610612743,DEN,https://cdn.nba.com/headshots/nba/latest/1040x760/1630192.png
1629669,Jaylen Nowell,0,,https://cdn.nba.com/headshots/nba/latest/1040x760/1629669.png
1641806,Markquis Nowell,0,,https://cdn.nba.com/headshots/nba/latest/1040x760/1641806.png
1628373,Frank Ntilikina,0,,https://cdn.nba.com/headshots/nba/latest/1040x760/1628373.png
203994,Jusuf Nurkic,1610612756,PHX,https://cdn.nba.com/headshots/nba/latest/1040x760/203994.png
1629670,Jordan Nwora,1610612761,TOR,https://cdn.nba.com/headshots/nba/latest/1040x760/1629670.png
1626220,Royce O'Neale,1610612756,PHX,https://cdn.nba.com/headshots/nba/latest/1040x760/1626220.png
1629643,Chuma Okeke,1610612753,ORL,https://cdn.nba.com/headshots/nba/latest/1040x760/1629643.png
1629006,Josh Okogie,1610612756,PHX,https://cdn.nba.com/headshots/nba/latest/1040x760/1629006.png
1630168,Onyeka Okongwu,1610612737,ATL,https://cdn.nba.com/headshots/nba/latest/1040x760/1630168.png
1630171,Isaac Okoro,1610612739,CLE,https://cdn.nba.com/headshots/nba/latest/1040x760/1630171.png
203482,Kelly Olynyk,1610612761,TOR,https://cdn.nba.com/headshots/nba/latest/1040x760/203482.png
1630647,Eugene Omoruyi,1610612764,WAS,https://cdn.nba.com/headshots/nba/latest/1040x760/1630647.png
1626224,Cedi Osman,1610612759,SAS,https://cdn.nba.com/headshots/nba/latest/1040x760/1626224.png
1626162,Kelly Oubre Jr.,1610612755,PHI,https://cdn.nba.com/headshots/nba/latest/1040x760/1626162.png
101108,Chris Paul,1610612744,GSW,https://cdn.nba.com/headshots/nba/latest/1040x760/101108.png
1626166,Cameron Payne,1610612755,PHI,https://cdn.nba.com/headshots/nba/latest/1040x760/1626166.png
1627780,Gary Payton II,1610612744,GSW,https://cdn.nba.com/headshots/nba/latest/1040x760/1627780.png
1641970,Maozinha Pereira,0,,https://cdn.nba.com/headshots/nba/latest/1040x760/1641970.png
1641809,Drew Peterson,1610612738,BOS,https://cdn.nba.com/headshots/nba/latest/1040x760/1641809.png
1630196,Filip Petrusev,0,,https://cdn.nba.com/headshots/nba/latest/1040x760/1630196.png
1641763,Julian Phillips,1610612741,CHI,https://cdn.nba.com/headshots/nba/latest/1040x760/1641763.png
1629618,Jalen Pickett,1610612743,DEN,https://cdn.nba.com/headshots/nba/latest/1040x760/1629618.png
1630590,Scotty Pippen Jr.,1610612763,MEM,https://cdn.nba.com/headshots/nba/latest/1040x760/1630590.png
203486,Mason Plumlee,1610612746,LAC,https://cdn.nba.com/headshots/nba/latest/1040x760/203486.png
1641764,Brandin Podziemski,1610612744,GSW,https://cdn.nba.com/headshots/nba/latest/1040x760/1641764.png
1627751,Jakob Poeltl,1610612761,TOR,https://cdn.nba.com/headshots/nba/latest/1040x760/1627751.png
1630197,Aleksej Pokusevski,1610612766,CHA,https://cdn.nba.com/headshots/nba/latest/1040x760/1630197.png
1629673,Jordan Poole,1610612764,WAS,https://cdn.nba.com/headshots/nba/latest/1040x760/1629673.png
1629007,Jontay Porter,0,,https://cdn.nba.com/headshots/nba/latest/1040x760/1629007.png
1641854,Craig Porter Jr.,1610612739,CLE,https://cdn.nba.com/headshots/nba/latest/1040x760/1641854.png
1629008,Michael Porter Jr.,1610612743,DEN,https://cdn.nba.com/headshots/nba/latest/1040x760/1629008.png
203490,Otto Porter Jr.,0,,https://cdn.nba.com/headshots/nba/latest/1040x760/203490.png
1626171,Bobby Portis,1610612749,MIL,https://cdn.nba.com/headshots/nba/latest/1040x760/1626171.png
204001,Kristaps Porzingis,1610612738,BOS,https://cdn.nba.com/headshots/nba/latest/1040x760/204001.png
1630695,Micah Potter,1610612762,UTA,https://cdn.nba.com/headshots/nba/latest/1040x760/1630695.png
203939,Dwight Powell,1610612742,DAL,https://cdn.nba.com/headshots/nba/latest/1040x760/203939.png
1626181,Norman Powell,1610612746,LAC,https://cdn.nba.com/headshots/nba/latest/1040x760/1626181.png
1630554,Jason Preston,1610612762,UTA,https://cdn.nba.com/headshots/nba/latest/1040x760/1630554.png
1630563,Joshua Primo,0,,https://cdn.nba.com/headshots/nba/latest/1040x760/1630563.png
1627752,Taurean Prince,1610612747,LAL,https://cdn.nba.com/headshots/nba/latest/1040x760/1627752.png
1630202,Payton Pritchard,1610612738,BOS,https://cdn.nba.com/headshots/nba/latest/1040x760/1630202.png
1641765,Olivier-Maxence Prosper,1610612742,DAL,https://cdn.nba.com/headshots/nba/latest/1040x760/1641765.png
1630243,Trevelin Queen,1610612753,ORL,https://cdn.nba.com/headshots/nba/latest/1040x760/1630243.png
1629674,Neemias Queta,1610612738,BOS,https://cdn.nba.com/headshots/nba/latest/1040x760/1629674.png
1630193,Immanuel Quickley,1610612761,TOR,https://cdn.nba.com/headshots/nba/latest/1040x760/1630193.png
1631311,Lester Quinones,1610612744,GSW,https://cdn.nba.com/headshots/nba/latest/1040x760/1631311.png
1630186,Jahmi'us Ramsey,0,,https://cdn.nba.com/headshots/nba/latest/1040x760/1630186.png
203944,Julius Randle,1610612752,NYK,https://cdn.nba.com/headshots/nba/latest/1040x760/203944.png
1641871,Duop Reath,1610612757,POR,https://cdn.nba.com/headshots/nba/latest/1040x760/1641871.png
1630559,Austin Reaves,1610612747,LAL,https://cdn.nba.com/headshots/nba/latest/1040x760/1630559.png
1629629,Cam Reddish,1610612747,LAL,https://cdn.nba.com/headshots/nba/latest/1040x760/1629629.png
1630194,Paul Reed,1610612755,PHI,https://cdn.nba.com/headshots/nba/latest/1040x760/1630194.png
1629675,Naz Reid,1610612750,MIN,https://cdn.nba.com/headshots/nba/latest/1040x760/1629675.png
1631197,Jared Rhoden,1610612765,DET,https://cdn.nba.com/headshots/nba/latest/1040x760/1631197.png
1630208,Nick Richards,1610612766,CHA,https://cdn.nba.com/headshots/nba/latest/1040x760/1630208.png
1626196,Josh Richardson,1610612748,MIA,https://cdn.nba.com/headshots/nba/latest/1040x760/1626196.png
1629130,Duncan Robinson,1610612748,MIA,https://cdn.nba.com/headshots/nba/latest/1040x760/1629130.png
1629010,Jerome Robinson,1610612744,GSW,https://cdn.nba.com/headshots/nba/latest/1040x760/1629010.png
1629011,Mitchell Robinson,1610612752,NYK,https://cdn.nba.com/headshots/nba/latest/1040x760/1629011.png
1631115,Orlando Robinson,1610612748,MIA,https://cdn.nba.com/headshots/nba/latest/1040x760/1631115.png
1630526,Jeremiah Robinson-Earl,1610612740,NOP,https://cdn.nba.com/headshots/nba/latest/1040x760/1630526.png
1631223,David Roddy,1610612756,PHX,https://cdn.nba.com/headshots/nba/latest/1040x760/1631223.png
1631157,Ryan Rollins,1610612749,MIL,https://cdn.nba.com/headshots/nba/latest/1040x760/1631157.png
201565,Derrick Rose,1610612763,MEM,https://cdn.nba.com/headshots/nba/latest/1040x760/201565.png
1626179,Terry Rozier,1610612748,MIA,https://cdn.nba.com/headshots/nba/latest/1040x760/1626179.png
1641712,Rayan Rupert,1610612757,POR,https://cdn.nba.com/headshots/nba/latest/1040x760/1641712.png
1626156,D'Angelo Russell,1610612747,LAL,https://cdn.nba.com/headshots/nba/latest/1040x760/1626156.png
1630346,Matt Ryan,1610612740,NOP,https://cdn.nba.com/headshots/nba/latest/1040x760/1630346.png
1627734,Domantas Sabonis,1610612758,SAC,https://cdn.nba.com/headshots/nba/latest/1040x760/1627734.png
1629677,Luka Samanic,1610612762,UTA,https://cdn.nba.com/headshots/nba/latest/1040x760/1629677.png
1631257,Jermaine Samuels Jr.,1610612745,HOU,https://cdn.nba.com/headshots/nba/latest/1040x760/1631257.png
1641766,Adama Sanogo,1610612741,CHI,https://cdn.nba.com/headshots/nba/latest/1040x760/1641766.png
1630611,Gui Santos,1610612744,GSW,https://cdn.nba.com/headshots/nba/latest/1040x760/1630611.png
203967,Dario Saric,1610612744,GSW,https://cdn.nba.com/headshots/nba/latest/1040x760/203967.png
1630846,Olivier Sarr,1610612760,OKC,https://cdn.nba.com/headshots/nba/latest/1040x760/1630846.png
1631204,Marcus Sasser,1610612765,DET,https://cdn.nba.com/headshots/nba/latest/1040x760/1631204.png
1629678,Admiral Schofield,1610612753,ORL,https://cdn.nba.com/headshots/nba/latest/1040x760/1629678.png
203471,Dennis Schroder,1610612751,BKN,https://cdn.nba.com/headshots/nba/latest/1040x760/203471.png
1631220,Dereon Seabron,1610612740,NOP,https://cdn.nba.com/headshots/nba/latest/1040x760/1631220.png
1630578,Alperen Sengun,1610612745,HOU,https://cdn.nba.com/headshots/nba/latest/1040x760/1630578.png
1641729,Brice Sensabaugh,1610612762,UTA,https://cdn.nba.com/headshots/nba/latest/1040x760/1641729.png
1629012,Collin Sexton,1610612762,UTA,https://cdn.nba.com/headshots/nba/latest/1040x760/1629012.png
1629013,Landry Shamet,1610612764,WAS,https://cdn.nba.com/headshots/nba/latest/1040x760/1629013.png
1630549,Day'Ron Sharpe,1610612751,BKN,https://cdn.nba.com/headshots/nba/latest/1040x760/1630549.png
1631101,Shaedon Sharpe,1610612757,POR,https://cdn.nba.com/headshots/nba/latest/1040x760/1631101.png
1641767,Ben Sheppard,1610612754,IND,https://cdn.nba.com/headshots/nba/latest/1040x760/1641767.png
1627783,Pascal Siakam,1610612754,IND,https://cdn.nba.com/headshots/nba/latest/1040x760/1627783.png
1627732,Ben Simmons,1610612751,BKN,https://cdn.nba.com/headshots/nba/latest/1040x760/1627732.png
1628424,Kobi Simmons,0,,https://cdn.nba.com/headshots/nba/latest/1040x760/1628424.png
1629014,Anfernee Simons,1610612757,POR,https://cdn.nba.com/headshots/nba/latest/1040x760/1629014.png
1630285,Zavier Simpson,0,,https://cdn.nba.com/headshots/nba/latest/1040x760/1630285.png
1630579,Jericho Sims,1610612752,NYK,https://cdn.nba.com/headshots/nba/latest/1040x760/1630579.png
1631376,Dmytro Skapintsev,0,,https://cdn.nba.com/headshots/nba/latest/1040x760/1631376.png
1641771,Jalen Slawson,1610612758,SAC,https://cdn.nba.com/headshots/nba/latest/1040x760/1641771.png
1630606,Javonte Smart,0,,https://cdn.nba.com/headshots/nba/latest/1040x760/1630606.png
203935,Marcus Smart,1610612763,MEM,https://cdn.nba.com/headshots/nba/latest/1040x760/203935.png
1630696,Dru Smith,0,,https://cdn.nba.com/headshots/nba/latest/1040x760/1630696.png
202397,Ish Smith,0,,https://cdn.nba.com/headshots/nba/latest/1040x760/202397.png
1630188,Jalen Smith,1610612754,IND,https://cdn.nba.com/headshots/nba/latest/1040x760/1630188.png
1631173,Terquavion Smith,1610612755,PHI,https://cdn.nba.com/headshots/nba/latest/1040x760/1631173.png
1628372,Dennis Smith Jr.,1610612751,BKN,https://cdn.nba.com/headshots/nba/latest/1040x760/1628372.png
1631095,Jabari Smith Jr.,1610612745,HOU,https://cdn.nba.com/headshots/nba/latest/1040x760/1631095.png
1641733,Nick Smith Jr.,1610612766,CHA,https://cdn.nba.com/headshots/nba/latest/1040x760/1641733.png
1631110,Jeremy Sochan,1610612759,SAS,https://cdn.nba.com/headshots/nba/latest/1040x760/1631110.png
1630311,Pat Spencer,1610612744,GSW,https://cdn.nba.com/headshots/nba/latest/1040x760/1630311.png
1630531,Jaden Springer,1610612738,BOS,https://cdn.nba.com/headshots/nba/latest/1040x760/1630531.png
1630205,Lamar Stevens,1610612763,MEM,https://cdn.nba.com/headshots/nba/latest/1040x760/1630205.png
1630191,Isaiah Stewart,1610612765,DET,https://cdn.nba.com/headshots/nba/latest/1040x760/1630191.png
1631124,Julian Strawther,1610612743,DEN,https://cdn.nba.com/headshots/nba/latest/1040x760/1631124.png
1629622,Max Strus,1610612739,CLE,https://cdn.nba.com/headshots/nba/latest/1040x760/1629622.png
1630591,Jalen Suggs,1610612753,ORL,https://cdn.nba.com/headshots/nba/latest/1040x760/1630591.png
1631306,Cole Swider,1610612748,MIA,https://cdn.nba.com/headshots/nba/latest/1040x760/1631306.png
1630256,Jae'Sean Tate,1610612745,HOU,https://cdn.nba.com/headshots/nba/latest/1040x760/1630256.png
1628369,Jayson Tatum,1610612738,BOS,https://cdn.nba.com/headshots/nba/latest/1040x760/1628369.png
1630678,Terry Taylor,0,,https://cdn.nba.com/headshots/nba/latest/1040x760/1630678.png
202066,Garrett Temple,1610612761,TOR,https://cdn.nba.com/headshots/nba/latest/1040x760/202066.png
1631207,Dalen Terry,1610612741,CHI,https://cdn.nba.com/headshots/nba/latest/1040x760/1631207.png
1628464,Daniel Theis,1610612746,LAC,https://cdn.nba.com/headshots/nba/latest/1040x760/1628464.png
1630560,Cam Thomas,1610612751,BKN,https://cdn.nba.com/headshots/nba/latest/1040x760/1630560.png
202738,Isaiah Thomas,1610612756,PHX,https://cdn.nba.com/headshots/nba/latest/1040x760/202738.png
1641708,Amen Thompson,1610612745,HOU,https://cdn.nba.com/headshots/nba/latest/1040x760/1641708.png
1641709,Ausar Thompson,1610612765,DET,https://cdn.nba.com/headshots/nba/latest/1040x760/1641709.png
202691,Klay Thompson,1610612744,GSW,https://cdn.nba.com/headshots/nba/latest/1040x760/202691.png
202684,Tristan Thompson,1610612739,CLE,https://cdn.nba.com/headshots/nba/latest/1040x760/202684.png
1630550,JT Thor,1610612766,CHA,https://cdn.nba.com/headshots/nba/latest/1040x760/1630550.png
1629680,Matisse Thybulle,1610612757,POR,https://cdn.nba.com/headshots/nba/latest/1040x760/1629680.png
1630214,Xavier Tillman,1610612738,BOS,https://cdn.nba.com/headshots/nba/latest/1040x760/1630214.png
1631210,Jacob Toppin,1610612752,NYK,https://cdn.nba.com/headshots/nba/latest/1040x760/1631210.png
1630167,Obi Toppin,1610612754,IND,https://cdn.nba.com/headshots/nba/latest/1040x760/1630167.png
1629308,Juan Toscano-Anderson,0,,https://cdn.nba.com/headshots/nba/latest/1040x760/1629308.png
1626157,Karl-Anthony Towns,1610612750,MIN,https://cdn.nba.com/headshots/nba/latest/1040x760/1626157.png
1629018,Gary Trent Jr.,1610612761,TOR,https://cdn.nba.com/headshots/nba/latest/1040x760/1629018.png
1631131,Oscar Tshiebwe,1610612754,IND,https://cdn.nba.com/headshots/nba/latest/1040x760/1631131.png
200782,P.J. Tucker,1610612746,LAC,https://cdn.nba.com/headshots/nba/latest/1040x760/200782.png
1626167,Myles Turner,1610612754,IND,https://cdn.nba.com/headshots/nba/latest/1040x760/1626167.png
1641816,Hunter Tyson,1610612743,DEN,https://cdn.nba.com/headshots/nba/latest/1040x760/1641816.png
1630649,Stanley Umude,1610612765,DET,https://cdn.nba.com/headshots/nba/latest/1040x760/1630649.png
202685,Jonas Valanciunas,1610612740,NOP,https://cdn.nba.com/headshots/nba/latest/1040x760/202685.png
1627832,Fred VanVleet,1610612745,HOU,https://cdn.nba.com/headshots/nba/latest/1040x760/1627832.png
1629020,Jarred Vanderbilt,1610612747,LAL,https://cdn.nba.com/headshots/nba/latest/1040x760/1629020.png
1630170,Devin Vassell,1610612759,SAS,https://cdn.nba.com/headshots/nba/latest/1040x760/1630170.png
1628426,Sasha Vezenkov,1610612758,SAC,https://cdn.nba.com/headshots/nba/latest/1040x760/1628426.png
1629216,Gabe Vincent,1610612747,LAL,https://cdn.nba.com/headshots/nba/latest/1040x760/1629216.png
202696,Nikola Vucevic,1610612741,CHI,https://cdn.nba.com/headshots/nba/latest/1040x760/202696.png
1641774,Tristan Vukcevic,1610612764,WAS,https://cdn.nba.com/headshots/nba/latest/1040x760/1641774.png
1629731,Dean Wade,1610612739,CLE,https://cdn.nba.com/headshots/nba/latest/1040x760/1629731.png
1630532,Franz Wagner,1610612753,ORL,https://cdn.nba.com/headshots/nba/latest/1040x760/1630532.png
1629021,Moritz Wagner,1610612753,ORL,https://cdn.nba.com/headshots/nba/latest/1040x760/1629021.png
1630688,Ish Wainright,1610612756,PHX,https://cdn.nba.com/headshots/nba/latest/1040x760/1630688.png
1631133,Jabari Walker,1610612757,POR,https://cdn.nba.com/headshots/nba/latest/1040x760/1631133.png
1641716,Jarace Walker,1610612754,IND,https://cdn.nba.com/headshots/nba/latest/1040x760/1641716.png
1629022,Lonnie Walker IV,1610612751,BKN,https://cdn.nba.com/headshots/nba/latest/1040x760/1629022.png
1641717,Cason Wallace,1610612760,OKC,https://cdn.nba.com/headshots/nba/latest/1040x760/1641717.png
1641775,Jordan Walsh,1610612738,BOS,https://cdn.nba.com/headshots/nba/latest/1040x760/1641775.png
203933,T.J. Warren,1610612750,MIN,https://cdn.nba.com/headshots/nba/latest/1040x760/203933.png
1629023,P.J. Washington,1610612742,DAL,https://cdn.nba.com/headshots/nba/latest/1040x760/1629023.png
1631102,TyTy Washington Jr.,1610612749,MIL,https://cdn.nba.com/headshots/nba/latest/1040x760/1631102.png
1629139,Yuta Watanabe,1610612763,MEM,https://cdn.nba.com/headshots/nba/latest/1040x760/1629139.png
1630322,Lindy Waters III,1610612760,OKC,https://cdn.nba.com/headshots/nba/latest/1040x760/1630322.png
1630570,Trendon Watford,1610612751,BKN,https://cdn.nba.com/headshots/nba/latest/1040x760/1630570.png
1631212,Peyton Watson,1610612743,DEN,https://cdn.nba.com/headshots/nba/latest/1040x760/1631212.png
1641705,Victor Wembanyama,1610612759,SAS,https://cdn.nba.com/headshots/nba/latest/1040x760/1641705.png
1631104,Blake Wesley,1610612759,SAS,https://cdn.nba.com/headshots/nba/latest/1040x760/1631104.png
201566,Russell Westbrook,1610612746,LAC,https://cdn.nba.com/headshots/nba/latest/1040x760/201566.png
1629632,Coby White,1610612741,CHI,https://cdn.nba.com/headshots/nba/latest/1040x760/1629632.png
1628401,Derrick White,1610612738,BOS,https://cdn.nba.com/headshots/nba/latest/1040x760/1628401.png
1631298,Jack White,0,,https://cdn.nba.com/headshots/nba/latest/1040x760/1631298.png
1641727,Dariq Whitehead,1610612751,BKN,https://cdn.nba.com/headshots/nba/latest/1040x760/1641727.png
1641715,Cam Whitmore,1610612745,HOU,https://cdn.nba.com/headshots/nba/latest/1040x760/1641715.png
1630598,Aaron Wiggins,1610612760,OKC,https://cdn.nba.com/headshots/nba/latest/1040x760/1630598.png
203952,Andrew Wiggins,1610612744,GSW,https://cdn.nba.com/headshots/nba/latest/1040x760/203952.png
1629623,Lindell Wigginton,0,,https://cdn.nba.com/headshots/nba/latest/1040x760/1629623.png
1631214,Alondes Williams,1610612748,MIA,https://cdn.nba.com/headshots/nba/latest/1040x760/1631214.png
1630314,Brandon Williams,1610612742,DAL,https://cdn.nba.com/headshots/nba/latest/1040x760/1630314.png
1629684,Grant Williams,1610612766,CHA,https://cdn.nba.com/headshots/nba/latest/1040x760/1629684.png
1631114,Jalen Williams,1610612760,OKC,https://cdn.nba.com/headshots/nba/latest/1040x760/1631114.png
1631119,Jaylin Williams,1610612760,OKC,https://cdn.nba.com/headshots/nba/latest/1040x760/1631119.png
1629026,Kenrich Williams,1610612760,OKC,https://cdn.nba.com/headshots/nba/latest/1040x760/1629026.png
1642013,Malik Williams,1610612761,TOR,https://cdn.nba.com/headshots/nba/latest/1040x760/1642013.png
1631109,Mark Williams,1610612766,CHA,https://cdn.nba.com/headshots/nba/latest/1040x760/1631109.png
1631466,Nate Williams,1610612745,HOU,https://cdn.nba.com/headshots/nba/latest/1040x760/1631466.png
1630172,Patrick Williams,1610612741,CHI,https://cdn.nba.com/headshots/nba/latest/1040x760/1630172.png
1630533,Ziaire Williams,1610612763,MEM,https://cdn.nba.com/headshots/nba/latest/1040x760/1630533.png
1629057,Robert Williams III,1610612757,POR,https://cdn.nba.com/headshots/nba/latest/1040x760/1629057.png
1631246,Vince Williams Jr.,1610612763,MEM,https://cdn.nba.com/headshots/nba/latest/1040x760/1631246.png
1629627,Zion Williamson,1610612740,NOP,https://cdn.nba.com/headshots/nba/latest/1040x760/1629627.png
1628391,D.J. Wilson,0,,https://cdn.nba.com/headshots/nba/latest/1040x760/1628391.png
1630592,Jalen Wilson,1610612751,BKN,https://cdn.nba.com/headshots/nba/latest/1040x760/1630592.png
1629685,Dylan Windler,1610612737,ATL,https://cdn.nba.com/headshots/nba/latest/1040x760/1629685.png
1630164,James Wiseman,1610612765,DET,https://cdn.nba.com/headshots/nba/latest/1040x760/1630164.png
1631209,Isaiah Wong,1610612754,IND,https://cdn.nba.com/headshots/nba/latest/1040x760/1631209.png
1626174,Christian Wood,1610612747,LAL,https://cdn.nba.com/headshots/nba/latest/1040x760/1626174.png
1626153,Delon Wright,1610612748,MIA,https://cdn.nba.com/headshots/nba/latest/1040x760/1626153.png
201152,Thaddeus Young,1610612756,PHX,https://cdn.nba.com/headshots/nba/latest/1040x760/201152.png
1629027,Trae Young,1610612737,ATL,https://cdn.nba.com/headshots/nba/latest/1040x760/1629027.png
1630209,Omer Yurtseven,1610612762,UTA,https://cdn.nba.com/headshots/nba/latest/1040x760/1630209.png
203469,Cody Zeller,1610612740,NOP,https://cdn.nba.com/headshots/nba/latest/1040x760/203469.png
1627826,Ivica Zubac,1610612746,LAC,https://cdn.nba.com/headshots/nba/latest/1040x760/1627826.png
